{"level":"info","message":"Server running on port 3000","timestamp":"2026-02-01T14:59:33.640Z"}
{"level":"info","message":"Server running on port 3000","timestamp":"2026-02-01T15:01:01.688Z"}
{"level":"info","message":"Server running on port 3000","timestamp":"2026-02-01T15:01:51.497Z"}
{"level":"info","message":"Server running on port 3000","timestamp":"2026-02-01T15:10:09.442Z"}
{"level":"info","message":"Server running on port 3000","timestamp":"2026-02-01T15:10:10.860Z"}
{"level":"info","message":"Server running on port 3000","timestamp":"2026-02-01T15:10:13.089Z"}
{"level":"info","message":"Server running on port 3000","timestamp":"2026-02-01T15:10:20.940Z"}
{"level":"info","message":"Server running on port 3000","timestamp":"2026-02-01T15:10:22.883Z"}
{"level":"info","message":"Server running on port 3000","timestamp":"2026-02-01T15:11:56.550Z"}
{"level":"info","message":"Server running on port 3000","timestamp":"2026-02-01T15:53:45.669Z"}
{"level":"info","message":"Server running on port 3000","timestamp":"2026-02-01T15:55:52.044Z"}
{"level":"info","message":"Server running on port 3000","timestamp":"2026-02-01T15:55:56.616Z"}
{"level":"info","message":"Server running on port 3000","timestamp":"2026-02-01T15:56:00.367Z"}
{"level":"info","message":"Server running on port 3000","timestamp":"2026-02-01T15:56:06.837Z"}
{"level":"info","message":"Server running on port 3000","timestamp":"2026-02-01T15:56:13.413Z"}
{"level":"info","message":"Server running on port 3000","timestamp":"2026-02-01T15:56:17.652Z"}
{"level":"info","message":"Server running on port 3000","timestamp":"2026-02-01T15:56:19.953Z"}
{"level":"info","message":"Server running on port 3000","timestamp":"2026-02-01T15:56:21.315Z"}
{"level":"info","message":"Server running on port 3000","timestamp":"2026-02-01T15:56:24.326Z"}
{"level":"info","message":"Server running on port 3000","timestamp":"2026-02-01T15:56:26.302Z"}
{"level":"info","message":"Server running on port 3000","timestamp":"2026-02-01T15:56:32.555Z"}
{"level":"info","message":"Server running on port 3000","timestamp":"2026-02-01T15:56:47.817Z"}
{"level":"info","message":"Server running on port 3000","timestamp":"2026-02-01T15:56:52.548Z"}
{"level":"info","message":"Server running on port 3000","timestamp":"2026-02-01T15:56:58.253Z"}
{"level":"info","message":"Server running on port 3000","timestamp":"2026-02-01T15:57:11.961Z"}
{"level":"info","message":"Server running on port 3000","timestamp":"2026-02-01T15:57:13.672Z"}
{"level":"info","message":"Server running on port 3000","timestamp":"2026-02-01T15:57:15.338Z"}
{"level":"info","message":"Server running on port 3000","timestamp":"2026-02-01T15:57:19.473Z"}
{"level":"info","message":"Server running on port 3000","timestamp":"2026-02-01T15:57:25.964Z"}
{"level":"info","message":"Server running on port 3000","timestamp":"2026-02-01T15:57:47.709Z"}
{"level":"info","message":"Server running on port 3000","timestamp":"2026-02-01T15:57:52.563Z"}
{"level":"info","message":"Server running on port 3000","timestamp":"2026-02-01T15:57:57.938Z"}
{"level":"info","message":"Server running on port 3000","timestamp":"2026-02-01T15:58:02.958Z"}
{"level":"info","message":"Server running on port 3000","timestamp":"2026-02-01T15:58:19.251Z"}
{"level":"info","message":"Server running on port 3000","timestamp":"2026-02-01T15:58:26.985Z"}
{"level":"info","message":"Server running on port 3000","timestamp":"2026-02-01T15:58:36.262Z"}
{"level":"info","message":"Server running on port 3000","timestamp":"2026-02-01T15:59:10.305Z"}
{"level":"info","message":"Server running on port 3000","timestamp":"2026-02-01T16:27:20.087Z"}
{"level":"info","message":"Server running on port 3000","timestamp":"2026-02-01T16:27:25.846Z"}
{"level":"info","message":"Server running on port 3000","timestamp":"2026-02-01T16:27:32.089Z"}
{"level":"info","message":"Server running on port 3000","timestamp":"2026-02-01T16:27:56.529Z"}
{"level":"info","message":"Server running on port 3000","timestamp":"2026-02-01T16:28:24.269Z"}
{"level":"info","message":"Server running on port 3000","timestamp":"2026-02-01T16:28:28.692Z"}
{"level":"info","message":"Server running on port 3000","timestamp":"2026-02-01T16:28:33.500Z"}
{"level":"info","message":"Server running on port 3000","timestamp":"2026-02-01T16:28:36.630Z"}
{"level":"info","message":"Server running on port 3000","timestamp":"2026-02-01T16:28:38.512Z"}
{"level":"info","message":"Server running on port 3000","timestamp":"2026-02-01T16:28:53.534Z"}
{"level":"info","message":"Server running on port 3000","timestamp":"2026-02-01T16:28:58.428Z"}
{"level":"info","message":"Server running on port 3000","timestamp":"2026-02-01T16:28:59.768Z"}
{"level":"info","message":"Server running on port 3000","timestamp":"2026-02-01T16:29:15.698Z"}
{"level":"info","message":"Server running on port 3000","timestamp":"2026-02-01T16:29:24.021Z"}
{"level":"info","message":"Server running on port 3000","timestamp":"2026-02-01T16:29:35.413Z"}
{"level":"info","message":"Server running on port 3000","timestamp":"2026-02-01T16:29:45.776Z"}
{"level":"info","message":"Server running on port 3000","timestamp":"2026-02-01T16:29:46.808Z"}
{"level":"info","message":"Server running on port 3000","timestamp":"2026-02-01T16:29:49.674Z"}
{"level":"info","message":"Server running on port 3000","timestamp":"2026-02-01T16:30:28.357Z"}
{"level":"info","message":"Server running on port 3000","timestamp":"2026-02-01T16:30:33.358Z"}
{"level":"info","message":"Server running on port 3000","timestamp":"2026-02-01T16:30:34.926Z"}
{"level":"info","message":"Server running on port 3000","timestamp":"2026-02-01T16:30:40.802Z"}
{"level":"info","message":"Server running on port 3000","timestamp":"2026-02-01T16:30:45.692Z"}
{"level":"info","message":"Server running on port 3000","timestamp":"2026-02-01T16:31:24.305Z"}
{"level":"info","message":"Server running on port 3000","timestamp":"2026-02-01T16:31:28.715Z"}
{"level":"info","message":"Server running on port 3000","timestamp":"2026-02-01T16:31:36.983Z"}
{"level":"info","message":"Server running on port 3000","timestamp":"2026-02-01T16:31:39.093Z"}
{"level":"info","message":"Server running on port 3000","timestamp":"2026-02-01T16:31:43.843Z"}
{"level":"info","message":"Server running on port 3000","timestamp":"2026-02-01T16:32:18.808Z"}
{"level":"info","message":"Server running on port 3000","timestamp":"2026-02-01T16:32:20.886Z"}
{"level":"info","message":"Server running on port 3000","timestamp":"2026-02-01T16:32:27.291Z"}
{"level":"info","message":"Server running on port 3000","timestamp":"2026-02-01T16:32:29.734Z"}
{"level":"info","message":"Server running on port 3000","timestamp":"2026-02-01T16:32:33.176Z"}
{"level":"info","message":"Server running on port 3000","timestamp":"2026-02-01T16:32:38.995Z"}
{"level":"info","message":"Server running on port 3000","timestamp":"2026-02-01T16:32:45.488Z"}
{"level":"info","message":"Server running on port 3000","timestamp":"2026-02-01T16:32:56.576Z"}
{"level":"info","message":"Server running on port 3000","timestamp":"2026-02-01T16:33:01.679Z"}
{"level":"info","message":"Server running on port 3000","timestamp":"2026-02-01T16:33:03.482Z"}
{"level":"info","message":"Server running on port 3000","timestamp":"2026-02-01T16:33:09.468Z"}
{"level":"info","message":"Server running on port 3000","timestamp":"2026-02-01T16:33:14.066Z"}
{"level":"info","message":"Server running on port 3000","timestamp":"2026-02-01T16:33:15.164Z"}
{"level":"info","message":"Server running on port 3000","timestamp":"2026-02-01T16:33:20.154Z"}
{"level":"info","message":"Server running on port 3000","timestamp":"2026-02-01T16:34:00.752Z"}
{"level":"info","message":"Server running on port 3000","timestamp":"2026-02-01T16:34:03.132Z"}
{"level":"info","message":"Server running on port 3000","timestamp":"2026-02-01T16:34:05.658Z"}
{"level":"info","message":"Server running on port 3000","timestamp":"2026-02-01T16:34:14.056Z"}
{"level":"info","message":"Server running on port 3000","timestamp":"2026-02-01T16:34:43.848Z"}
{"level":"info","message":"Server running on port 3000","timestamp":"2026-02-01T16:34:48.783Z"}
{"level":"info","message":"Server running on port 3000","timestamp":"2026-02-01T16:34:50.732Z"}
{"level":"info","message":"Server running on port 3000","timestamp":"2026-02-01T16:34:59.349Z"}
{"level":"info","message":"Server running on port 3000","timestamp":"2026-02-01T16:35:22.115Z"}
{"level":"info","message":"Server running on port 3000","timestamp":"2026-02-01T16:36:31.748Z"}
{"level":"info","message":"Server running on port 3000","timestamp":"2026-02-01T16:36:39.379Z"}
{"level":"info","message":"Server running on port 3000","timestamp":"2026-02-01T16:36:46.169Z"}
{"level":"info","message":"Server running on port 3000","timestamp":"2026-02-01T16:36:50.782Z"}
{"level":"info","message":"Server running on port 3000","timestamp":"2026-02-01T16:36:55.427Z"}
{"level":"info","message":"Server running on port 3000","timestamp":"2026-02-01T16:36:57.333Z"}
{"level":"info","message":"Server running on port 3000","timestamp":"2026-02-01T16:37:00.540Z"}
{"level":"info","message":"Server running on port 3000","timestamp":"2026-02-01T16:37:05.634Z"}
{"level":"info","message":"Server running on port 3000","timestamp":"2026-02-01T16:37:15.773Z"}
{"level":"info","message":"Server running on port 3000","timestamp":"2026-02-01T16:37:25.695Z"}
{"level":"info","message":"Server running on port 3000","timestamp":"2026-02-01T16:38:20.363Z"}
{"level":"info","message":"Server running on port 3000","timestamp":"2026-02-01T16:38:23.522Z"}
{"level":"info","message":"Server running on port 3000","timestamp":"2026-02-01T16:38:32.772Z"}
{"level":"info","message":"Server running on port 3000","timestamp":"2026-02-01T16:39:03.675Z"}
{"level":"info","message":"Server running on port 3000","timestamp":"2026-02-01T16:39:09.759Z"}
{"level":"info","message":"Server running on port 3000","timestamp":"2026-02-01T16:39:11.240Z"}
{"level":"info","message":"Server running on port 3000","timestamp":"2026-02-01T16:39:14.936Z"}
{"level":"info","message":"Server running on port 3000","timestamp":"2026-02-01T16:39:18.032Z"}
{"level":"info","message":"Server running on port 3000","timestamp":"2026-02-01T16:39:19.285Z"}
{"level":"info","message":"Server running on port 3000","timestamp":"2026-02-01T16:39:21.333Z"}
{"level":"info","message":"Server running on port 3000","timestamp":"2026-02-01T16:39:24.755Z"}
{"level":"info","message":"Server running on port 3000","timestamp":"2026-02-01T16:39:26.349Z"}
{"level":"info","message":"Server running on port 3000","timestamp":"2026-02-01T16:39:28.436Z"}
{"level":"info","message":"Server running on port 3000","timestamp":"2026-02-01T16:39:29.459Z"}
{"level":"info","message":"Server running on port 3000","timestamp":"2026-02-01T16:39:34.224Z"}
{"level":"info","message":"Server running on port 3000","timestamp":"2026-02-01T16:39:36.693Z"}
{"level":"info","message":"Server running on port 3000","timestamp":"2026-02-01T16:39:56.419Z"}
{"level":"info","message":"Server running on port 3000","timestamp":"2026-02-01T16:42:09.461Z"}
{"level":"info","message":"Server running on port 3000","timestamp":"2026-02-01T16:43:53.808Z"}
{"level":"info","message":"Server running on port 3000","timestamp":"2026-02-01T16:53:27.539Z"}
{"level":"info","message":"Server running on port 3000","timestamp":"2026-02-01T17:05:49.528Z"}
{"level":"info","message":"Server running on port 3000","timestamp":"2026-02-01T19:39:10.252Z"}
{"level":"info","message":"Server running on port 3000","timestamp":"2026-02-01T20:24:03.850Z"}
{"level":"info","message":"Server running on port 3000","timestamp":"2026-02-01T20:25:01.362Z"}
{"level":"info","message":"Server running on port 3000","timestamp":"2026-02-01T20:27:49.147Z"}
{"level":"info","message":"Server running on port 3000","timestamp":"2026-02-01T20:27:49.575Z"}
{"level":"info","message":"Server running on port 3000","timestamp":"2026-02-01T20:31:21.114Z"}
{"level":"info","message":"Server running on port 3000","timestamp":"2026-02-01T20:34:07.171Z"}
{"level":"info","message":"Server running on port 3000","timestamp":"2026-02-01T20:34:07.428Z"}
{"level":"info","message":"Server running on port 3000","timestamp":"2026-02-01T20:34:29.798Z"}
{"level":"info","message":"Server running on port 3000","timestamp":"2026-02-01T20:36:34.388Z"}
{"level":"info","message":"Server running on port 3000","timestamp":"2026-02-01T20:36:34.731Z"}
{"level":"info","message":"Server running on port 3000","timestamp":"2026-02-01T20:38:23.629Z"}
{"level":"info","message":"Server running on port 3000","timestamp":"2026-02-01T20:38:23.776Z"}
{"level":"info","message":"Server running on port 3000","timestamp":"2026-02-01T20:38:31.573Z"}
{"level":"info","message":"Server running on port 3000","timestamp":"2026-02-01T20:38:31.935Z"}
{"level":"info","message":"Server running on port 3000","timestamp":"2026-02-01T20:39:05.180Z"}
{"level":"info","message":"Server running on port 3000","timestamp":"2026-02-01T20:44:25.519Z"}
{"level":"info","message":"Server running on port 3000","timestamp":"2026-02-01T20:44:25.738Z"}
{"level":"info","message":"Server running on port 3000","timestamp":"2026-02-01T20:44:32.857Z"}
{"err":{"clientVersion":"6.19.2","code":"P2010","meta":{"code":"unknown","message":"Kind: I/O error: received fatal alert: InternalError, labels: {\"RetryableWriteError\"}, source: None","modelName":"Concert"},"name":"PrismaClientKnownRequestError"},"level":"error","message":"Get concert Error","timestamp":"2026-02-01T20:47:29.080Z"}
{"err":{"clientVersion":"6.19.2","code":"P2010","meta":{"code":"unknown","message":"Kind: I/O error: received fatal alert: InternalError, labels: {\"RetryableWriteError\"}, source: None","modelName":"Concert"},"name":"PrismaClientKnownRequestError"},"level":"error","message":"Get concert Error","timestamp":"2026-02-01T20:47:39.160Z"}
{"level":"info","message":"Server running on port 3000","timestamp":"2026-02-01T20:47:57.865Z"}
{"level":"info","message":"Server running on port 3000","timestamp":"2026-02-01T20:47:57.875Z"}
{"level":"info","message":"Server running on port 3000","timestamp":"2026-02-01T20:52:13.374Z"}
{"level":"info","message":"Server running on port 3000","timestamp":"2026-02-01T20:56:22.649Z"}
{"err":{"clientVersion":"6.19.2","code":"P2010","meta":{"code":"unknown","message":"Kind: I/O error: received fatal alert: InternalError, labels: {\"RetryableWriteError\"}, source: None","modelName":"Concert"},"name":"PrismaClientKnownRequestError"},"level":"error","message":"Get concert Error","timestamp":"2026-02-01T21:06:58.849Z"}
{"err":{"clientVersion":"6.19.2","code":"P2010","meta":{"code":"unknown","message":"Kind: I/O error: An existing connection was forcibly closed by the remote host. (os error 10054), labels: {}, source: None","modelName":"Concert"},"name":"PrismaClientKnownRequestError"},"level":"error","message":"Get concert Error","timestamp":"2026-02-01T21:13:15.570Z"}
{"err":{"clientVersion":"6.19.2","code":"P2010","meta":{"code":"unknown","message":"Kind: I/O error: received fatal alert: InternalError, labels: {\"RetryableWriteError\"}, source: None","modelName":"Concert"},"name":"PrismaClientKnownRequestError"},"level":"error","message":"Get concert Error","timestamp":"2026-02-01T21:13:26.525Z"}
{"level":"info","message":"Server running on port 3000","timestamp":"2026-02-01T21:21:18.541Z"}
{"level":"info","message":"Server running on port 3000","timestamp":"2026-02-01T21:29:05.940Z"}
{"err":{"clientVersion":"6.19.2","code":"P2010","meta":{"code":"unknown","message":"Kind: I/O error: received fatal alert: InternalError, labels: {\"RetryableWriteError\"}, source: None","modelName":"Concert"},"name":"PrismaClientKnownRequestError"},"level":"error","message":"Get concert Error","timestamp":"2026-02-01T21:47:23.944Z"}
{"level":"info","message":"Server running on port 3000","timestamp":"2026-02-01T21:47:37.482Z"}
{"level":"info","message":"Server running on port 3000","timestamp":"2026-02-01T21:48:01.960Z"}
{"err":{"clientVersion":"6.19.2","code":"P2010","meta":{"code":"unknown","message":"Kind: I/O error: received fatal alert: InternalError, labels: {\"RetryableWriteError\"}, source: None","modelName":"Concert"},"name":"PrismaClientKnownRequestError"},"level":"error","message":"Get concert Error","timestamp":"2026-02-01T21:48:23.962Z"}
{"level":"info","message":"Server running on port 3000","timestamp":"2026-02-01T21:50:05.951Z"}
{"err":{"clientVersion":"6.19.2","code":"P2010","meta":{"code":"unknown","message":"Kind: I/O error: received fatal alert: InternalError, labels: {\"RetryableWriteError\"}, source: None","modelName":"Concert"},"name":"PrismaClientKnownRequestError"},"level":"error","message":"Get concert Error","timestamp":"2026-02-01T21:51:04.778Z"}
{"err":{"clientVersion":"6.19.2","code":"P2010","meta":{"code":"unknown","message":"Kind: I/O error: received fatal alert: InternalError, labels: {\"RetryableWriteError\"}, source: None","modelName":"Concert"},"name":"PrismaClientKnownRequestError"},"level":"error","message":"Get concert Error","timestamp":"2026-02-01T21:51:11.248Z"}
{"level":"info","message":"Server running on port 3000","timestamp":"2026-02-01T21:56:35.755Z"}
{"err":{"clientVersion":"6.19.2","code":"P2010","meta":{"code":"unknown","message":"Kind: I/O error: received fatal alert: InternalError, labels: {\"RetryableWriteError\"}, source: None","modelName":"Concert"},"name":"PrismaClientKnownRequestError"},"level":"error","message":"Get concert Error","timestamp":"2026-02-01T21:56:59.233Z"}
{"err":{"clientVersion":"6.19.2","code":"P2010","meta":{"code":"unknown","message":"Kind: I/O error: received fatal alert: InternalError, labels: {\"RetryableWriteError\"}, source: None","modelName":"Concert"},"name":"PrismaClientKnownRequestError"},"level":"error","message":"Get concert Error","timestamp":"2026-02-01T21:57:12.303Z"}
{"level":"info","message":"Server running on port 3000","timestamp":"2026-02-01T21:59:22.018Z"}
{"level":"info","message":"Server running on port 3000","timestamp":"2026-02-01T22:03:30.573Z"}
{"level":"info","message":"Server running on port 3000","timestamp":"2026-02-01T22:03:47.761Z"}
{"err":{"clientVersion":"6.19.2","code":"P2010","meta":{"code":"unknown","message":"Kind: I/O error: An existing connection was forcibly closed by the remote host. (os error 10054), labels: {}, source: None","modelName":"Concert"},"name":"PrismaClientKnownRequestError"},"level":"error","message":"Get concert Error","timestamp":"2026-02-01T22:11:14.673Z"}
{"level":"info","message":"Server running on port 3000","timestamp":"2026-02-01T22:15:37.112Z"}
{"level":"info","message":"Server running on port 3000","timestamp":"2026-02-01T22:16:10.617Z"}
{"level":"info","message":"Server running on port 3000","timestamp":"2026-02-01T22:16:19.891Z"}
{"level":"info","message":"Server running on port 3000","timestamp":"2026-02-01T22:16:39.511Z"}
{"level":"info","message":"Server running on port 3000","timestamp":"2026-02-02T00:22:51.366Z"}
{"err":{"clientVersion":"6.19.2","code":"P2010","meta":{"code":"unknown","message":"Kind: I/O error: received fatal alert: InternalError, labels: {\"RetryableWriteError\"}, source: None","modelName":"Concert"},"name":"PrismaClientKnownRequestError"},"level":"error","message":"Get concert Error","timestamp":"2026-02-02T00:23:13.695Z"}
{"err":{"clientVersion":"6.19.2","code":"P2010","meta":{"code":"unknown","message":"Kind: I/O error: received fatal alert: InternalError, labels: {\"RetryableWriteError\"}, source: None","modelName":"Concert"},"name":"PrismaClientKnownRequestError"},"level":"error","message":"Get concert Error","timestamp":"2026-02-02T00:32:05.767Z"}
{"err":{"clientVersion":"6.19.2","code":"P2010","meta":{"code":"unknown","message":"Kind: I/O error: received fatal alert: InternalError, labels: {\"RetryableWriteError\"}, source: None","modelName":"Concert"},"name":"PrismaClientKnownRequestError"},"level":"error","message":"Get concert Error","timestamp":"2026-02-02T00:32:10.639Z"}
{"err":{"clientVersion":"6.19.2","code":"P2010","meta":{"code":"unknown","message":"Kind: I/O error: received fatal alert: InternalError, labels: {\"RetryableWriteError\"}, source: None","modelName":"Concert"},"name":"PrismaClientKnownRequestError"},"level":"error","message":"Get concert Error","timestamp":"2026-02-02T00:32:38.310Z"}
{"level":"info","message":"Server running on port 3000","timestamp":"2026-02-02T00:36:44.655Z"}
{"err":{"clientVersion":"6.19.2","code":"P2010","meta":{"code":"unknown","message":"Kind: I/O error: received fatal alert: InternalError, labels: {\"RetryableWriteError\"}, source: None","modelName":"Concert"},"name":"PrismaClientKnownRequestError"},"level":"error","message":"Get concert Error","timestamp":"2026-02-02T00:37:40.253Z"}
{"err":{"clientVersion":"6.19.2","code":"P2010","meta":{"code":"unknown","message":"Kind: I/O error: received fatal alert: InternalError, labels: {\"RetryableWriteError\"}, source: None","modelName":"Concert"},"name":"PrismaClientKnownRequestError"},"level":"error","message":"Get concert Error","timestamp":"2026-02-02T00:37:59.366Z"}
{"level":"info","message":"Server running on port 3000","timestamp":"2026-02-02T00:38:15.656Z"}
{"err":{"clientVersion":"6.19.2","code":"P2010","meta":{"code":"unknown","message":"Kind: I/O error: received fatal alert: InternalError, labels: {\"RetryableWriteError\"}, source: None","modelName":"Concert"},"name":"PrismaClientKnownRequestError"},"level":"error","message":"Get concert Error","timestamp":"2026-02-02T00:39:02.275Z"}
{"level":"info","message":"Server running on port 3000","timestamp":"2026-02-02T00:42:15.228Z"}
{"level":"info","message":"Server running on port 3000","timestamp":"2026-02-02T00:46:38.552Z"}
{"level":"info","message":"Server running on port 3000","timestamp":"2026-02-02T00:47:39.280Z"}
{"level":"info","message":"Server running on port 3000","timestamp":"2026-02-02T00:47:39.501Z"}
{"level":"info","message":"Server running on port 3000","timestamp":"2026-02-02T00:48:13.749Z"}
{"level":"info","message":"Server running on port 3000","timestamp":"2026-02-02T00:51:09.650Z"}
{"err":{"clientVersion":"6.19.2","code":"P2010","meta":{"code":"unknown","message":"Kind: I/O error: received fatal alert: InternalError, labels: {\"RetryableWriteError\"}, source: None","modelName":"Concert"},"name":"PrismaClientKnownRequestError"},"level":"error","message":"Get concert Error","timestamp":"2026-02-02T00:51:49.877Z"}
{"err":{"clientVersion":"6.19.2","code":"P2010","meta":{"code":"unknown","message":"Kind: I/O error: received fatal alert: InternalError, labels: {\"RetryableWriteError\"}, source: None","modelName":"Concert"},"name":"PrismaClientKnownRequestError"},"level":"error","message":"Get concert Error","timestamp":"2026-02-02T00:52:18.556Z"}
{"err":{"clientVersion":"6.19.2","code":"P2010","meta":{"code":"unknown","message":"Kind: I/O error: received fatal alert: InternalError, labels: {\"RetryableWriteError\"}, source: None","modelName":"Concert"},"name":"PrismaClientKnownRequestError"},"level":"error","message":"Get concert Error","timestamp":"2026-02-02T00:52:22.191Z"}
{"level":"info","message":"Server running on port 3000","timestamp":"2026-02-02T00:52:48.620Z"}
{"level":"info","message":"Server running on port 3000","timestamp":"2026-02-02T01:18:42.561Z"}
{"err":{"clientVersion":"6.19.2","code":"P2010","meta":{"code":"unknown","message":"Kind: I/O error: received fatal alert: InternalError, labels: {\"RetryableWriteError\"}, source: None","modelName":"Concert"},"name":"PrismaClientKnownRequestError"},"level":"error","message":"Get concert Error","timestamp":"2026-02-02T01:19:14.883Z"}
{"err":{"clientVersion":"6.19.2","code":"P2010","meta":{"code":"unknown","message":"Kind: I/O error: received fatal alert: InternalError, labels: {\"RetryableWriteError\"}, source: None","modelName":"Concert"},"name":"PrismaClientKnownRequestError"},"level":"error","message":"Get concert Error","timestamp":"2026-02-02T01:19:23.691Z"}
{"level":"info","message":"Server running on port 3000","timestamp":"2026-02-02T01:19:45.230Z"}
{"level":"info","message":"Server running on port 3000","timestamp":"2026-02-02T01:38:27.432Z"}
{"level":"info","message":"Server running on port 3000","timestamp":"2026-02-02T01:42:55.622Z"}
{"level":"info","message":"Server running on port 3000","timestamp":"2026-02-02T01:42:57.779Z"}
{"err":{"clientVersion":"6.19.2","code":"P2010","meta":{"code":"unknown","message":"Kind: I/O error: received fatal alert: InternalError, labels: {\"RetryableWriteError\"}, source: None","modelName":"Concert"},"name":"PrismaClientKnownRequestError"},"level":"error","message":"Get concert Error","timestamp":"2026-02-02T01:43:37.004Z"}
{"err":{"clientVersion":"6.19.2","code":"P2010","meta":{"code":"unknown","message":"Kind: I/O error: received fatal alert: InternalError, labels: {\"RetryableWriteError\"}, source: None","modelName":"Concert"},"name":"PrismaClientKnownRequestError"},"level":"error","message":"Get concert Error","timestamp":"2026-02-02T01:44:00.744Z"}
{"level":"info","message":"Server running on port 3000","timestamp":"2026-02-02T01:46:14.695Z"}
{"level":"info","message":"Server running on port 3000","timestamp":"2026-02-02T01:46:54.424Z"}
{"err":{"clientVersion":"6.19.2","code":"P2010","meta":{"code":"unknown","message":"Kind: I/O error: received fatal alert: InternalError, labels: {\"RetryableWriteError\"}, source: None","modelName":"Concert"},"name":"PrismaClientKnownRequestError"},"level":"error","message":"Get concert Error","timestamp":"2026-02-02T01:51:27.827Z"}
{"level":"info","message":"Server running on port 3000","timestamp":"2026-02-02T01:51:55.451Z"}
{"err":{"clientVersion":"6.19.2","code":"P2010","meta":{"code":"unknown","message":"Kind: I/O error: received fatal alert: InternalError, labels: {\"RetryableWriteError\"}, source: None","modelName":"Concert"},"name":"PrismaClientKnownRequestError"},"level":"error","message":"Get concert Error","timestamp":"2026-02-02T01:52:14.941Z"}
{"level":"info","message":"Server running on port 3000","timestamp":"2026-02-02T01:53:02.316Z"}
{"err":{"clientVersion":"6.19.2","code":"P2010","meta":{"code":"unknown","message":"Kind: I/O error: received fatal alert: InternalError, labels: {\"RetryableWriteError\"}, source: None","modelName":"Concert"},"name":"PrismaClientKnownRequestError"},"level":"error","message":"Get concert Error","timestamp":"2026-02-02T01:53:09.056Z"}
{"level":"info","message":"Server running on port 3000","timestamp":"2026-02-02T01:53:22.786Z"}
{"err":{"clientVersion":"6.19.2","code":"P2010","meta":{"code":"unknown","message":"Kind: I/O error: received fatal alert: InternalError, labels: {\"RetryableWriteError\"}, source: None","modelName":"Concert"},"name":"PrismaClientKnownRequestError"},"level":"error","message":"Get concert Error","timestamp":"2026-02-02T01:55:55.091Z"}
{"err":{"clientVersion":"6.19.2","code":"P2010","meta":{"code":"unknown","message":"Kind: I/O error: received fatal alert: InternalError, labels: {\"RetryableWriteError\"}, source: None","modelName":"Concert"},"name":"PrismaClientKnownRequestError"},"level":"error","message":"Get concert Error","timestamp":"2026-02-02T01:56:00.136Z"}
{"level":"info","message":"Server running on port 3000","timestamp":"2026-02-02T02:01:56.610Z"}
{"err":{"clientVersion":"6.19.2","code":"P2010","meta":{"code":"unknown","message":"Kind: I/O error: received fatal alert: InternalError, labels: {\"RetryableWriteError\"}, source: None","modelName":"Concert"},"name":"PrismaClientKnownRequestError"},"level":"error","message":"Get concert Error","timestamp":"2026-02-02T02:03:01.725Z"}
{"err":{"clientVersion":"6.19.2","code":"P2010","meta":{"code":"unknown","message":"Kind: I/O error: received fatal alert: InternalError, labels: {\"RetryableWriteError\"}, source: None","modelName":"Concert"},"name":"PrismaClientKnownRequestError"},"level":"error","message":"Get concert Error","timestamp":"2026-02-02T02:03:16.977Z"}
{"level":"info","message":"Server running on port 3000","timestamp":"2026-02-02T02:06:11.754Z"}
{"level":"info","message":"Server running on port 3000","timestamp":"2026-02-02T02:06:24.831Z"}
{"err":"\nInvalid `prisma.concert.findUnique()` invocation in\nD:\\eventManagementApp\\concertapp\\backend\\src\\controllers\\constantController.js:15:46\n\n  12 const getConcertCtrl = async (req,res) => {\n  13     try{\n  14         // Add retry logic for database connection\n→ 15         const concert = await prisma.concert.findUnique(\nRaw query failed. Code: `unknown`. Message: `Kind: I/O error: received fatal alert: InternalError, labels: {\"RetryableWriteError\"}, source: None`","level":"warn","message":"First attempt failed, retrying...","timestamp":"2026-02-02T02:08:33.880Z"}
{"level":"info","message":"Server running on port 3000","timestamp":"2026-02-02T02:14:13.270Z"}
{"level":"info","message":"Server running on port 3000","timestamp":"2026-02-02T02:15:59.270Z"}
{"err":"\nInvalid `prisma.concert.findUnique()` invocation in\nD:\\eventManagementApp\\concertapp\\backend\\src\\controllers\\constantController.js:15:46\n\n  12 const getConcertCtrl = async (req,res) => {\n  13     try{\n  14         // Add retry logic for database connection\n→ 15         const concert = await prisma.concert.findUnique(\nRaw query failed. Code: `unknown`. Message: `Kind: I/O error: received fatal alert: InternalError, labels: {\"RetryableWriteError\"}, source: None`","level":"warn","message":"First attempt failed, retrying...","timestamp":"2026-02-02T02:16:34.127Z"}
{"code":"P2010","err":{"clientVersion":"6.19.2","code":"P2010","meta":{"code":"unknown","message":"Kind: I/O error: received fatal alert: InternalError, labels: {\"RetryableWriteError\"}, source: None","modelName":"Concert"},"name":"PrismaClientKnownRequestError"},"level":"error","message":"Get concert Error \nInvalid `prisma.concert.findUnique()` invocation in\nD:\\eventManagementApp\\concertapp\\backend\\src\\controllers\\constantController.js:22:35\n\n  19 // If first attempt fails, try to reconnect\n  20 logger.warn(\"First attempt failed, retrying...\", {err: err.message});\n  21 await new Promise(resolve => setTimeout(resolve, 1000));\n→ 22 return prisma.concert.findUnique(\nRaw query failed. Code: `unknown`. Message: `Kind: I/O error: received fatal alert: InternalError, labels: {\"RetryableWriteError\"}, source: None`","timestamp":"2026-02-02T02:16:50.820Z"}
{"level":"info","message":"Server running on port 3000","timestamp":"2026-02-02T12:14:50.500Z"}
{"err":"\nInvalid `prisma.concert.findUnique()` invocation in\nD:\\eventManagementApp\\concertapp\\backend\\src\\controllers\\constantController.js:15:46\n\n  12 const getConcertCtrl = async (req,res) => {\n  13     try{\n  14         // Add retry logic for database connection\n→ 15         const concert = await prisma.concert.findUnique(\nRaw query failed. Code: `unknown`. Message: `Kind: I/O error: received fatal alert: InternalError, labels: {\"RetryableWriteError\"}, source: None`","level":"warn","message":"First attempt failed, retrying...","timestamp":"2026-02-02T12:15:17.368Z"}
{"code":"P2010","err":{"clientVersion":"6.19.2","code":"P2010","meta":{"code":"unknown","message":"Kind: I/O error: received fatal alert: InternalError, labels: {\"RetryableWriteError\"}, source: None","modelName":"Concert"},"name":"PrismaClientKnownRequestError"},"level":"error","message":"Get concert Error \nInvalid `prisma.concert.findUnique()` invocation in\nD:\\eventManagementApp\\concertapp\\backend\\src\\controllers\\constantController.js:22:35\n\n  19 // If first attempt fails, try to reconnect\n  20 logger.warn(\"First attempt failed, retrying...\", {err: err.message});\n  21 await new Promise(resolve => setTimeout(resolve, 1000));\n→ 22 return prisma.concert.findUnique(\nRaw query failed. Code: `unknown`. Message: `Kind: I/O error: received fatal alert: InternalError, labels: {\"RetryableWriteError\"}, source: None`","timestamp":"2026-02-02T12:15:31.833Z"}
{"level":"info","message":"Server running on port 3000","timestamp":"2026-02-02T12:47:04.660Z"}
{"level":"info","message":"Server running on port 3000","timestamp":"2026-02-02T16:52:41.505Z"}
{"err":"\nInvalid `prisma.concert.findUnique()` invocation in\nD:\\eventManagementApp\\concertapp\\backend\\src\\controllers\\constantController.js:15:46\n\n  12 const getConcertCtrl = async (req,res) => {\n  13     try{\n  14         // Add retry logic for database connection\n→ 15         const concert = await prisma.concert.findUnique(\nRaw query failed. Code: `unknown`. Message: `Kind: I/O error: received fatal alert: InternalError, labels: {\"RetryableWriteError\"}, source: None`","level":"warn","message":"First attempt failed, retrying...","timestamp":"2026-02-02T16:54:59.592Z"}
{"code":"P2010","err":{"clientVersion":"6.19.2","code":"P2010","meta":{"code":"unknown","message":"Kind: I/O error: received fatal alert: InternalError, labels: {\"RetryableWriteError\"}, source: None","modelName":"Concert"},"name":"PrismaClientKnownRequestError"},"level":"error","message":"Get concert Error \nInvalid `prisma.concert.findUnique()` invocation in\nD:\\eventManagementApp\\concertapp\\backend\\src\\controllers\\constantController.js:22:35\n\n  19 // If first attempt fails, try to reconnect\n  20 logger.warn(\"First attempt failed, retrying...\", {err: err.message});\n  21 await new Promise(resolve => setTimeout(resolve, 1000));\n→ 22 return prisma.concert.findUnique(\nRaw query failed. Code: `unknown`. Message: `Kind: I/O error: received fatal alert: InternalError, labels: {\"RetryableWriteError\"}, source: None`","timestamp":"2026-02-02T16:55:30.290Z"}
{"err":"\nInvalid `prisma.concert.findUnique()` invocation in\nD:\\eventManagementApp\\concertapp\\backend\\src\\controllers\\constantController.js:15:46\n\n  12 const getConcertCtrl = async (req,res) => {\n  13     try{\n  14         // Add retry logic for database connection\n→ 15         const concert = await prisma.concert.findUnique(\nRaw query failed. Code: `unknown`. Message: `Kind: I/O error: received fatal alert: InternalError, labels: {\"RetryableWriteError\"}, source: None`","level":"warn","message":"First attempt failed, retrying...","timestamp":"2026-02-02T16:55:40.233Z"}
{"level":"info","message":"Server running on port 3000","timestamp":"2026-02-02T17:26:34.207Z"}
{"err":"\nInvalid `prisma.concert.findUnique()` invocation in\nD:\\eventManagementApp\\concertapp\\backend\\src\\controllers\\constantController.js:15:46\n\n  12 const getConcertCtrl = async (req,res) => {\n  13     try{\n  14         // Add retry logic for database connection\n→ 15         const concert = await prisma.concert.findUnique(\nRaw query failed. Code: `unknown`. Message: `Kind: I/O error: received fatal alert: InternalError, labels: {\"RetryableWriteError\"}, source: None`","level":"warn","message":"First attempt failed, retrying...","timestamp":"2026-02-02T17:46:42.327Z"}
{"code":"P2010","err":{"clientVersion":"6.19.2","code":"P2010","meta":{"code":"unknown","message":"Kind: I/O error: received fatal alert: InternalError, labels: {\"RetryableWriteError\"}, source: None","modelName":"Concert"},"name":"PrismaClientKnownRequestError"},"level":"error","message":"Get concert Error \nInvalid `prisma.concert.findUnique()` invocation in\nD:\\eventManagementApp\\concertapp\\backend\\src\\controllers\\constantController.js:22:35\n\n  19 // If first attempt fails, try to reconnect\n  20 logger.warn(\"First attempt failed, retrying...\", {err: err.message});\n  21 await new Promise(resolve => setTimeout(resolve, 1000));\n→ 22 return prisma.concert.findUnique(\nRaw query failed. Code: `unknown`. Message: `Kind: I/O error: received fatal alert: InternalError, labels: {\"RetryableWriteError\"}, source: None`","timestamp":"2026-02-02T17:46:52.136Z"}
{"err":"\nInvalid `prisma.concert.findUnique()` invocation in\nD:\\eventManagementApp\\concertapp\\backend\\src\\controllers\\constantController.js:15:46\n\n  12 const getConcertCtrl = async (req,res) => {\n  13     try{\n  14         // Add retry logic for database connection\n→ 15         const concert = await prisma.concert.findUnique(\nRaw query failed. Code: `unknown`. Message: `Kind: I/O error: received fatal alert: InternalError, labels: {\"RetryableWriteError\"}, source: None`","level":"warn","message":"First attempt failed, retrying...","timestamp":"2026-02-02T17:47:10.287Z"}
{"code":"P2010","err":{"clientVersion":"6.19.2","code":"P2010","meta":{"code":"unknown","message":"Kind: I/O error: received fatal alert: InternalError, labels: {\"RetryableWriteError\"}, source: None","modelName":"Concert"},"name":"PrismaClientKnownRequestError"},"level":"error","message":"Get concert Error \nInvalid `prisma.concert.findUnique()` invocation in\nD:\\eventManagementApp\\concertapp\\backend\\src\\controllers\\constantController.js:22:35\n\n  19 // If first attempt fails, try to reconnect\n  20 logger.warn(\"First attempt failed, retrying...\", {err: err.message});\n  21 await new Promise(resolve => setTimeout(resolve, 1000));\n→ 22 return prisma.concert.findUnique(\nRaw query failed. Code: `unknown`. Message: `Kind: I/O error: received fatal alert: InternalError, labels: {\"RetryableWriteError\"}, source: None`","timestamp":"2026-02-02T17:47:26.009Z"}
{"level":"info","message":"Server running on port 3000","timestamp":"2026-02-02T17:57:25.596Z"}
{"level":"info","message":"Server running on port 3000","timestamp":"2026-02-02T17:57:59.594Z"}
{"err":"\nInvalid `prisma.concert.findUnique()` invocation in\nD:\\eventManagementApp\\concertapp\\backend\\src\\controllers\\constantController.js:15:46\n\n  12 const getConcertCtrl = async (req,res) => {\n  13     try{\n  14         // Add retry logic for database connection\n→ 15         const concert = await prisma.concert.findUnique(\nRaw query failed. Code: `unknown`. Message: `Kind: I/O error: received fatal alert: InternalError, labels: {\"RetryableWriteError\"}, source: None`","level":"warn","message":"First attempt failed, retrying...","timestamp":"2026-02-02T17:58:55.605Z"}
{"code":"P2010","err":{"clientVersion":"6.19.2","code":"P2010","meta":{"code":"unknown","message":"Kind: I/O error: received fatal alert: InternalError, labels: {\"RetryableWriteError\"}, source: None","modelName":"Concert"},"name":"PrismaClientKnownRequestError"},"level":"error","message":"Get concert Error \nInvalid `prisma.concert.findUnique()` invocation in\nD:\\eventManagementApp\\concertapp\\backend\\src\\controllers\\constantController.js:22:35\n\n  19 // If first attempt fails, try to reconnect\n  20 logger.warn(\"First attempt failed, retrying...\", {err: err.message});\n  21 await new Promise(resolve => setTimeout(resolve, 1000));\n→ 22 return prisma.concert.findUnique(\nRaw query failed. Code: `unknown`. Message: `Kind: I/O error: received fatal alert: InternalError, labels: {\"RetryableWriteError\"}, source: None`","timestamp":"2026-02-02T17:59:10.521Z"}
{"level":"info","message":"Server running on port 3000","timestamp":"2026-02-02T17:59:17.416Z"}
{"err":"\nInvalid `prisma.concert.findUnique()` invocation in\nD:\\eventManagementApp\\concertapp\\backend\\src\\controllers\\constantController.js:15:46\n\n  12 const getConcertCtrl = async (req,res) => {\n  13     try{\n  14         // Add retry logic for database connection\n→ 15         const concert = await prisma.concert.findUnique(\nRaw query failed. Code: `unknown`. Message: `Kind: I/O error: received fatal alert: InternalError, labels: {\"RetryableWriteError\"}, source: None`","level":"warn","message":"First attempt failed, retrying...","timestamp":"2026-02-02T17:59:30.897Z"}
{"code":"P2010","err":{"clientVersion":"6.19.2","code":"P2010","meta":{"code":"unknown","message":"Kind: I/O error: received fatal alert: InternalError, labels: {\"RetryableWriteError\"}, source: None","modelName":"Concert"},"name":"PrismaClientKnownRequestError"},"level":"error","message":"Get concert Error \nInvalid `prisma.concert.findUnique()` invocation in\nD:\\eventManagementApp\\concertapp\\backend\\src\\controllers\\constantController.js:22:35\n\n  19 // If first attempt fails, try to reconnect\n  20 logger.warn(\"First attempt failed, retrying...\", {err: err.message});\n  21 await new Promise(resolve => setTimeout(resolve, 1000));\n→ 22 return prisma.concert.findUnique(\nRaw query failed. Code: `unknown`. Message: `Kind: I/O error: received fatal alert: InternalError, labels: {\"RetryableWriteError\"}, source: None`","timestamp":"2026-02-02T17:59:56.511Z"}
{"level":"info","message":"Server running on port 3000","timestamp":"2026-02-02T18:03:14.298Z"}
{"err":"\nInvalid `prisma.concert.findUnique()` invocation in\nD:\\eventManagementApp\\concertapp\\backend\\src\\controllers\\constantController.js:15:46\n\n  12 const getConcertCtrl = async (req,res) => {\n  13     try{\n  14         // Add retry logic for database connection\n→ 15         const concert = await prisma.concert.findUnique(\nRaw query failed. Code: `unknown`. Message: `Kind: I/O error: An existing connection was forcibly closed by the remote host. (os error 10054), labels: {}, source: None`","level":"warn","message":"First attempt failed, retrying...","timestamp":"2026-02-02T18:07:36.219Z"}
{"code":"P2010","err":{"clientVersion":"6.19.2","code":"P2010","meta":{"code":"unknown","message":"Kind: I/O error: received fatal alert: InternalError, labels: {\"RetryableWriteError\"}, source: None","modelName":"Concert"},"name":"PrismaClientKnownRequestError"},"level":"error","message":"Get concert Error \nInvalid `prisma.concert.findUnique()` invocation in\nD:\\eventManagementApp\\concertapp\\backend\\src\\controllers\\constantController.js:22:35\n\n  19 // If first attempt fails, try to reconnect\n  20 logger.warn(\"First attempt failed, retrying...\", {err: err.message});\n  21 await new Promise(resolve => setTimeout(resolve, 1000));\n→ 22 return prisma.concert.findUnique(\nRaw query failed. Code: `unknown`. Message: `Kind: I/O error: received fatal alert: InternalError, labels: {\"RetryableWriteError\"}, source: None`","timestamp":"2026-02-02T18:07:46.908Z"}
{"err":"\nInvalid `prisma.concert.findUnique()` invocation in\nD:\\eventManagementApp\\concertapp\\backend\\src\\controllers\\constantController.js:15:46\n\n  12 const getConcertCtrl = async (req,res) => {\n  13     try{\n  14         // Add retry logic for database connection\n→ 15         const concert = await prisma.concert.findUnique(\nRaw query failed. Code: `unknown`. Message: `Kind: I/O error: received fatal alert: InternalError, labels: {\"RetryableWriteError\"}, source: None`","level":"warn","message":"First attempt failed, retrying...","timestamp":"2026-02-02T18:08:04.849Z"}
{"level":"info","message":"Server running on port 3000","timestamp":"2026-02-02T18:08:28.824Z"}
{"err":"\nInvalid `prisma.concert.findUnique()` invocation in\nD:\\eventManagementApp\\concertapp\\backend\\src\\controllers\\constantController.js:15:46\n\n  12 const getConcertCtrl = async (req,res) => {\n  13     try{\n  14         // Add retry logic for database connection\n→ 15         const concert = await prisma.concert.findUnique(\nRaw query failed. Code: `unknown`. Message: `Kind: I/O error: received fatal alert: InternalError, labels: {\"RetryableWriteError\"}, source: None`","level":"warn","message":"First attempt failed, retrying...","timestamp":"2026-02-02T18:09:11.716Z"}
{"code":"P2010","err":{"clientVersion":"6.19.2","code":"P2010","meta":{"code":"unknown","message":"Kind: I/O error: received fatal alert: InternalError, labels: {\"RetryableWriteError\"}, source: None","modelName":"Concert"},"name":"PrismaClientKnownRequestError"},"level":"error","message":"Get concert Error \nInvalid `prisma.concert.findUnique()` invocation in\nD:\\eventManagementApp\\concertapp\\backend\\src\\controllers\\constantController.js:22:35\n\n  19 // If first attempt fails, try to reconnect\n  20 logger.warn(\"First attempt failed, retrying...\", {err: err.message});\n  21 await new Promise(resolve => setTimeout(resolve, 1000));\n→ 22 return prisma.concert.findUnique(\nRaw query failed. Code: `unknown`. Message: `Kind: I/O error: received fatal alert: InternalError, labels: {\"RetryableWriteError\"}, source: None`","timestamp":"2026-02-02T18:09:17.670Z"}
{"level":"info","message":"Server running on port 3000","timestamp":"2026-02-02T18:09:52.852Z"}
{"err":"\nInvalid `prisma.concert.findUnique()` invocation in\nD:\\eventManagementApp\\concertapp\\backend\\src\\controllers\\constantController.js:15:46\n\n  12 const getConcertCtrl = async (req,res) => {\n  13     try{\n  14         // Add retry logic for database connection\n→ 15         const concert = await prisma.concert.findUnique(\nRaw query failed. Code: `unknown`. Message: `Kind: I/O error: received fatal alert: InternalError, labels: {\"RetryableWriteError\"}, source: None`","level":"warn","message":"First attempt failed, retrying...","timestamp":"2026-02-02T18:11:59.405Z"}
{"code":"P2010","err":{"clientVersion":"6.19.2","code":"P2010","meta":{"code":"unknown","message":"Kind: I/O error: received fatal alert: InternalError, labels: {\"RetryableWriteError\"}, source: None","modelName":"Concert"},"name":"PrismaClientKnownRequestError"},"level":"error","message":"Get concert Error \nInvalid `prisma.concert.findUnique()` invocation in\nD:\\eventManagementApp\\concertapp\\backend\\src\\controllers\\constantController.js:22:35\n\n  19 // If first attempt fails, try to reconnect\n  20 logger.warn(\"First attempt failed, retrying...\", {err: err.message});\n  21 await new Promise(resolve => setTimeout(resolve, 1000));\n→ 22 return prisma.concert.findUnique(\nRaw query failed. Code: `unknown`. Message: `Kind: I/O error: received fatal alert: InternalError, labels: {\"RetryableWriteError\"}, source: None`","timestamp":"2026-02-02T18:12:33.882Z"}
{"err":"\nInvalid `prisma.concert.findUnique()` invocation in\nD:\\eventManagementApp\\concertapp\\backend\\src\\controllers\\constantController.js:15:46\n\n  12 const getConcertCtrl = async (req,res) => {\n  13     try{\n  14         // Add retry logic for database connection\n→ 15         const concert = await prisma.concert.findUnique(\nRaw query failed. Code: `unknown`. Message: `Kind: I/O error: received fatal alert: InternalError, labels: {\"RetryableWriteError\"}, source: None`","level":"warn","message":"First attempt failed, retrying...","timestamp":"2026-02-02T18:12:47.448Z"}
{"code":"P2010","err":{"clientVersion":"6.19.2","code":"P2010","meta":{"code":"unknown","message":"Kind: I/O error: received fatal alert: InternalError, labels: {\"RetryableWriteError\"}, source: None","modelName":"Concert"},"name":"PrismaClientKnownRequestError"},"level":"error","message":"Get concert Error \nInvalid `prisma.concert.findUnique()` invocation in\nD:\\eventManagementApp\\concertapp\\backend\\src\\controllers\\constantController.js:22:35\n\n  19 // If first attempt fails, try to reconnect\n  20 logger.warn(\"First attempt failed, retrying...\", {err: err.message});\n  21 await new Promise(resolve => setTimeout(resolve, 1000));\n→ 22 return prisma.concert.findUnique(\nRaw query failed. Code: `unknown`. Message: `Kind: I/O error: received fatal alert: InternalError, labels: {\"RetryableWriteError\"}, source: None`","timestamp":"2026-02-02T18:13:15.591Z"}
{"level":"info","message":"Server running on port 3000","timestamp":"2026-02-02T18:14:36.569Z"}
{"level":"info","message":"Server running on port 3000","timestamp":"2026-02-02T18:19:04.454Z"}
{"level":"info","message":"Server running on port 3000","timestamp":"2026-02-02T18:21:08.997Z"}
{"level":"info","message":"Server running on port 3000","timestamp":"2026-02-02T18:30:46.963Z"}
{"level":"info","message":"Server running on port 3000","timestamp":"2026-02-02T18:51:11.714Z"}
{"level":"info","message":"Server running on port 3000","timestamp":"2026-02-02T18:53:10.540Z"}
{"level":"info","message":"Server running on port 3000","timestamp":"2026-02-02T18:58:11.890Z"}
{"level":"info","message":"Server running on port 3000","timestamp":"2026-02-02T19:08:09.082Z"}
{"level":"info","message":"Server running on port 3000","timestamp":"2026-02-02T19:24:24.012Z"}
{"level":"info","message":"Server running on port 3000","timestamp":"2026-02-02T19:29:51.731Z"}
{"level":"info","message":"Server running on port 3000","timestamp":"2026-02-02T19:37:22.527Z"}
{"level":"info","message":"Server running on port 3000","timestamp":"2026-02-02T19:48:44.258Z"}
{"level":"info","message":"Server running on port 3000","timestamp":"2026-02-02T19:50:38.777Z"}
{"level":"warn","message":"Concert not found with ID:","timestamp":"2026-02-02T19:52:00.864Z"}
{"level":"info","message":"Server running on port 3000","timestamp":"2026-02-02T19:55:04.218Z"}
{"level":"info","message":"Server running on port 3000","timestamp":"2026-02-03T09:38:39.621Z"}
{"level":"info","message":"Server running on port 3000","timestamp":"2026-02-03T17:13:52.521Z"}
{"level":"info","message":"Server running on port 3000","timestamp":"2026-02-04T15:45:18.494Z"}
{"level":"info","message":"Server running on port 3000","timestamp":"2026-02-05T11:10:32.029Z"}
{"code":"P2010","err":{"clientVersion":"6.19.2","code":"P2010","meta":{"code":"unknown","message":"Kind: I/O error: An existing connection was forcibly closed by the remote host. (os error 10054), labels: {}, source: None","modelName":"Concert"},"name":"PrismaClientKnownRequestError"},"level":"error","message":"Get concert Error \nInvalid `prisma.concert.findUnique()` invocation in\nD:\\eventManagementApp\\concertapp\\backend\\src\\controllers\\constantController.js:9:46\n\n  6 \n  7 const getConcertCtrl = async (req,res) => {\n  8     try{\n→ 9         const concert = await prisma.concert.findUnique(\nRaw query failed. Code: `unknown`. Message: `Kind: I/O error: An existing connection was forcibly closed by the remote host. (os error 10054), labels: {}, source: None`","timestamp":"2026-02-05T12:15:03.577Z"}
{"level":"info","message":"Server running on port 3000","timestamp":"2026-02-05T12:17:16.597Z"}
{"level":"info","message":"Server running on port 3000","timestamp":"2026-02-05T12:25:52.225Z"}
{"level":"info","message":"Server running on port 3000","timestamp":"2026-02-05T13:56:16.637Z"}
{"level":"info","message":"Server running on port 3000","timestamp":"2026-02-05T16:06:58.330Z"}
{"level":"info","message":"Server running on port 3000","timestamp":"2026-02-05T16:40:24.022Z"}
{"level":"info","message":"Server running on port 3000","timestamp":"2026-02-05T16:44:21.773Z"}
{"level":"info","message":"Server running on port 3000","timestamp":"2026-02-05T20:21:54.486Z"}
{"level":"info","message":"Server running on port 3000","timestamp":"2026-02-06T09:39:40.084Z"}
{"level":"info","message":"Server running on port 3000","timestamp":"2026-02-06T10:01:35.154Z"}
{"level":"info","message":"Server running on port 3000","timestamp":"2026-02-06T10:17:03.174Z"}
{"level":"info","message":"Server running on port 3000","timestamp":"2026-02-06T10:46:31.932Z"}
{"level":"info","message":"Server running on port 3000","timestamp":"2026-02-06T10:57:54.540Z"}
{"level":"info","message":"Server running on port 3000","timestamp":"2026-02-06T10:57:58.253Z"}
{"level":"info","message":"Server running on port 3000","timestamp":"2026-02-06T10:58:03.011Z"}
{"level":"info","message":"Server running on port 3000","timestamp":"2026-02-06T10:58:11.731Z"}
{"level":"info","message":"Server running on port 3000","timestamp":"2026-02-06T10:58:18.884Z"}
{"level":"info","message":"Server running on port 3000","timestamp":"2026-02-06T10:58:20.786Z"}
{"level":"info","message":"Server running on port 3000","timestamp":"2026-02-06T10:58:22.480Z"}
{"level":"info","message":"Server running on port 3000","timestamp":"2026-02-06T10:58:29.144Z"}
{"level":"info","message":"Server running on port 3000","timestamp":"2026-02-06T10:58:35.617Z"}
{"level":"info","message":"Server running on port 3000","timestamp":"2026-02-06T10:58:39.398Z"}
{"level":"info","message":"Server running on port 3000","timestamp":"2026-02-06T10:58:46.082Z"}
{"level":"info","message":"Server running on port 3000","timestamp":"2026-02-06T10:58:50.149Z"}
{"level":"info","message":"Server running on port 3000","timestamp":"2026-02-06T10:58:53.285Z"}
{"level":"info","message":"Server running on port 3000","timestamp":"2026-02-06T10:58:56.196Z"}
{"level":"info","message":"Server running on port 3000","timestamp":"2026-02-06T10:58:59.383Z"}
{"level":"info","message":"Server running on port 3000","timestamp":"2026-02-06T10:59:02.089Z"}
{"level":"info","message":"Server running on port 3000","timestamp":"2026-02-06T10:59:03.095Z"}
{"level":"info","message":"Server running on port 3000","timestamp":"2026-02-06T10:59:10.889Z"}
{"level":"info","message":"Server running on port 3000","timestamp":"2026-02-06T10:59:16.979Z"}
{"level":"info","message":"Server running on port 3000","timestamp":"2026-02-06T10:59:19.461Z"}
{"level":"info","message":"Server running on port 3000","timestamp":"2026-02-06T11:01:04.430Z"}
{"level":"info","message":"Server running on port 3000","timestamp":"2026-02-06T11:01:08.317Z"}
{"level":"info","message":"Server running on port 3000","timestamp":"2026-02-06T11:01:20.318Z"}
{"level":"info","message":"Server running on port 3000","timestamp":"2026-02-06T11:01:26.533Z"}
{"level":"info","message":"Server running on port 3000","timestamp":"2026-02-06T11:01:31.184Z"}
{"level":"info","message":"Server running on port 3000","timestamp":"2026-02-06T11:01:33.365Z"}
{"level":"info","message":"Server running on port 3000","timestamp":"2026-02-06T11:01:35.561Z"}
{"level":"info","message":"Server running on port 3000","timestamp":"2026-02-06T11:01:37.389Z"}
{"level":"info","message":"Server running on port 3000","timestamp":"2026-02-06T11:01:40.799Z"}
{"level":"info","message":"Server running on port 3000","timestamp":"2026-02-06T11:01:44.072Z"}
{"level":"info","message":"Server running on port 3000","timestamp":"2026-02-06T11:01:49.596Z"}
{"level":"info","message":"Server running on port 3000","timestamp":"2026-02-06T11:01:57.819Z"}
{"level":"info","message":"Server running on port 3000","timestamp":"2026-02-06T11:02:02.582Z"}
{"level":"info","message":"Server running on port 3000","timestamp":"2026-02-06T11:02:05.953Z"}
{"level":"info","message":"Server running on port 3000","timestamp":"2026-02-06T11:02:08.074Z"}
{"level":"info","message":"Server running on port 3000","timestamp":"2026-02-06T11:02:10.596Z"}
{"level":"info","message":"Server running on port 3000","timestamp":"2026-02-06T11:02:15.572Z"}
{"level":"info","message":"Server running on port 3000","timestamp":"2026-02-06T11:02:20.519Z"}
{"level":"info","message":"Server running on port 3000","timestamp":"2026-02-06T11:02:25.609Z"}
{"level":"info","message":"Server running on port 3000","timestamp":"2026-02-06T11:02:34.865Z"}
{"level":"info","message":"Server running on port 3000","timestamp":"2026-02-06T11:02:37.040Z"}
{"level":"info","message":"Server running on port 3000","timestamp":"2026-02-06T11:02:39.054Z"}
{"level":"info","message":"Server running on port 3000","timestamp":"2026-02-06T11:06:38.386Z"}
{"level":"info","message":"Server running on port 3000","timestamp":"2026-02-06T11:06:48.034Z"}
{"level":"info","message":"Server running on port 3000","timestamp":"2026-02-06T11:06:53.362Z"}
{"level":"info","message":"Server running on port 3000","timestamp":"2026-02-06T11:06:56.887Z"}
{"level":"info","message":"Server running on port 3000","timestamp":"2026-02-06T11:07:00.391Z"}
{"level":"info","message":"Server running on port 3000","timestamp":"2026-02-06T11:07:09.273Z"}
{"level":"info","message":"Server running on port 3000","timestamp":"2026-02-06T11:07:15.049Z"}
{"level":"info","message":"Server running on port 3000","timestamp":"2026-02-06T11:07:25.079Z"}
{"level":"info","message":"Server running on port 3000","timestamp":"2026-02-06T11:07:29.613Z"}
{"level":"info","message":"Server running on port 3000","timestamp":"2026-02-06T11:07:43.138Z"}
{"level":"info","message":"Server running on port 3000","timestamp":"2026-02-06T11:07:48.927Z"}
{"level":"info","message":"Server running on port 3000","timestamp":"2026-02-06T11:07:54.257Z"}
{"level":"info","message":"Server running on port 3000","timestamp":"2026-02-06T11:08:02.780Z"}
{"level":"info","message":"Server running on port 3000","timestamp":"2026-02-06T11:08:05.033Z"}
{"level":"info","message":"Server running on port 3000","timestamp":"2026-02-06T11:08:11.697Z"}
{"level":"info","message":"Server running on port 3000","timestamp":"2026-02-06T11:08:13.942Z"}
{"level":"info","message":"Server running on port 3000","timestamp":"2026-02-06T11:08:43.648Z"}
{"level":"info","message":"Server running on port 3000","timestamp":"2026-02-06T11:08:49.595Z"}
{"level":"info","message":"Server running on port 3000","timestamp":"2026-02-06T11:08:59.274Z"}
{"level":"info","message":"Server running on port 3000","timestamp":"2026-02-06T11:09:00.290Z"}
{"level":"info","message":"Server running on port 3000","timestamp":"2026-02-06T11:09:13.264Z"}
{"level":"info","message":"Server running on port 3000","timestamp":"2026-02-06T11:09:15.474Z"}
{"level":"info","message":"Server running on port 3000","timestamp":"2026-02-06T11:09:18.644Z"}
{"level":"info","message":"Server running on port 3000","timestamp":"2026-02-06T11:09:22.130Z"}
{"level":"info","message":"Server running on port 3000","timestamp":"2026-02-06T11:09:27.822Z"}
{"level":"info","message":"Server running on port 3000","timestamp":"2026-02-06T11:09:33.511Z"}
{"level":"info","message":"Server running on port 3000","timestamp":"2026-02-06T11:09:52.047Z"}
{"level":"info","message":"Server running on port 3000","timestamp":"2026-02-06T11:10:03.455Z"}
{"level":"info","message":"Server running on port 3000","timestamp":"2026-02-06T11:10:12.773Z"}
{"level":"info","message":"Server running on port 3000","timestamp":"2026-02-06T11:10:14.629Z"}
{"level":"info","message":"Server running on port 3000","timestamp":"2026-02-06T11:10:21.560Z"}
{"level":"info","message":"Server running on port 3000","timestamp":"2026-02-06T11:10:22.633Z"}
{"level":"info","message":"Server running on port 3000","timestamp":"2026-02-06T11:10:24.781Z"}
{"level":"info","message":"Server running on port 3000","timestamp":"2026-02-06T11:10:26.122Z"}
{"level":"info","message":"Server running on port 3000","timestamp":"2026-02-06T11:10:45.593Z"}
{"level":"info","message":"Server running on port 3000","timestamp":"2026-02-06T11:10:49.025Z"}
{"level":"info","message":"Server running on port 3000","timestamp":"2026-02-06T11:10:50.302Z"}
{"level":"info","message":"Server running on port 3000","timestamp":"2026-02-06T11:11:01.523Z"}
{"level":"info","message":"Server running on port 3000","timestamp":"2026-02-06T11:11:09.323Z"}
{"level":"info","message":"Server running on port 3000","timestamp":"2026-02-06T11:11:21.365Z"}
{"level":"info","message":"Server running on port 3000","timestamp":"2026-02-06T11:11:38.011Z"}
{"level":"info","message":"Server running on port 3000","timestamp":"2026-02-06T11:11:39.612Z"}
{"level":"info","message":"Server running on port 3000","timestamp":"2026-02-06T11:11:43.429Z"}
{"level":"info","message":"Server running on port 3000","timestamp":"2026-02-06T11:11:54.181Z"}
{"level":"info","message":"Server running on port 3000","timestamp":"2026-02-06T11:12:02.788Z"}
{"level":"info","message":"Server running on port 3000","timestamp":"2026-02-06T11:12:15.628Z"}
{"level":"info","message":"Server running on port 3000","timestamp":"2026-02-06T11:12:23.908Z"}
{"level":"info","message":"Server running on port 3000","timestamp":"2026-02-06T11:12:28.999Z"}
{"level":"info","message":"Server running on port 3000","timestamp":"2026-02-06T11:12:31.816Z"}
{"level":"info","message":"Server running on port 3000","timestamp":"2026-02-06T11:12:51.348Z"}
{"level":"info","message":"Server running on port 3000","timestamp":"2026-02-06T11:12:54.590Z"}
{"level":"info","message":"Server running on port 3000","timestamp":"2026-02-06T11:13:01.191Z"}
{"level":"info","message":"Server running on port 3000","timestamp":"2026-02-06T11:13:12.985Z"}
{"level":"info","message":"Server running on port 3000","timestamp":"2026-02-06T11:13:15.444Z"}
{"level":"info","message":"Server running on port 3000","timestamp":"2026-02-06T11:13:17.046Z"}
{"level":"info","message":"Server running on port 3000","timestamp":"2026-02-06T11:13:33.275Z"}
{"level":"info","message":"Server running on port 3000","timestamp":"2026-02-06T11:13:36.147Z"}
{"level":"info","message":"Server running on port 3000","timestamp":"2026-02-06T17:08:04.574Z"}
{"level":"info","message":"Server running on port 3000","timestamp":"2026-02-06T17:08:46.433Z"}
{"level":"info","message":"Server running on port 3000","timestamp":"2026-02-06T17:09:11.879Z"}
{"level":"info","message":"Server running on port 3000","timestamp":"2026-02-06T17:09:52.370Z"}
{"level":"info","message":"Server running on port 3000","timestamp":"2026-02-06T17:10:38.978Z"}
{"level":"info","message":"Server running on port 3000","timestamp":"2026-02-06T17:10:56.473Z"}
{"level":"info","message":"Server running on port 3000","timestamp":"2026-02-06T17:11:08.618Z"}
{"level":"info","message":"Server running on port 3000","timestamp":"2026-02-06T17:13:22.301Z"}
{"level":"info","message":"Server running on port 3000","timestamp":"2026-02-06T18:37:30.650Z"}
{"level":"info","message":"Server running on port 3000","timestamp":"2026-02-06T18:37:56.139Z"}
{"err":{"clientVersion":"6.19.2","code":"P2002","meta":{"modelName":"User","target":"User_email_key"},"name":"PrismaClientKnownRequestError"},"level":"error","message":"Sign Up Error","timestamp":"2026-02-06T20:14:25.977Z"}
{"level":"info","message":"email sent","subject":"OTP Verification","timestamp":"2026-02-06T20:14:29.450Z","to":"eijazkhan9099@gmail.com"}
{"email":"eijazkhan9099@gmail.com","level":"info","message":"SignUp success","timestamp":"2026-02-06T20:14:29.451Z"}
{"err":{},"level":"error","message":"OTP verify Up Error","timestamp":"2026-02-06T20:15:11.091Z"}
{"err":{},"level":"error","message":"OTP verify Up Error","timestamp":"2026-02-06T20:15:11.941Z"}
{"err":{},"level":"error","message":"OTP verify Up Error","timestamp":"2026-02-06T20:15:12.778Z"}
{"err":{},"level":"error","message":"OTP verify Up Error","timestamp":"2026-02-06T20:15:27.145Z"}
{"err":{},"level":"error","message":"OTP verify Up Error","timestamp":"2026-02-06T20:15:29.832Z"}
{"err":{},"level":"error","message":"Sign Up Error","timestamp":"2026-02-06T20:15:38.063Z"}
{"err":{},"level":"error","message":"Sign Up Error","timestamp":"2026-02-06T20:15:39.624Z"}
{"err":{"clientVersion":"6.19.2","code":"P2002","meta":{"modelName":"User","target":"User_googleId_key"},"name":"PrismaClientKnownRequestError"},"level":"error","message":"Sign Up Error","timestamp":"2026-02-06T20:16:54.410Z"}
{"err":{"clientVersion":"6.19.2","code":"P2002","meta":{"modelName":"User","target":"User_googleId_key"},"name":"PrismaClientKnownRequestError"},"level":"error","message":"Sign Up Error","timestamp":"2026-02-06T20:17:25.099Z"}
{"err":{"clientVersion":"6.19.2","code":"P2002","meta":{"modelName":"User","target":"User_googleId_key"},"name":"PrismaClientKnownRequestError"},"level":"error","message":"Sign Up Error","timestamp":"2026-02-06T20:18:00.411Z"}
{"err":{"clientVersion":"6.19.2","code":"P2002","meta":{"modelName":"User","target":"User_googleId_key"},"name":"PrismaClientKnownRequestError"},"level":"error","message":"Sign Up Error","timestamp":"2026-02-06T20:18:08.490Z"}
{"err":{},"level":"error","message":"Sign Up Error","timestamp":"2026-02-06T20:18:35.125Z"}
{"err":{},"level":"error","message":"Sign Up Error","timestamp":"2026-02-06T20:20:42.694Z"}
{"err":{},"level":"error","message":"Sign Up Error","timestamp":"2026-02-06T20:20:45.243Z"}
{"err":{},"level":"error","message":"Sign Up Error","timestamp":"2026-02-06T20:23:19.091Z"}
{"err":{"clientVersion":"6.19.2","code":"P2002","meta":{"modelName":"User","target":"User_googleId_key"},"name":"PrismaClientKnownRequestError"},"level":"error","message":"Sign Up Error","timestamp":"2026-02-06T20:23:33.144Z"}
{"err":{"clientVersion":"6.19.2","code":"P2002","meta":{"modelName":"User","target":"User_googleId_key"},"name":"PrismaClientKnownRequestError"},"level":"error","message":"Sign Up Error","timestamp":"2026-02-06T20:23:39.733Z"}
{"err":{"clientVersion":"6.19.2","code":"P2002","meta":{"modelName":"User","target":"User_googleId_key"},"name":"PrismaClientKnownRequestError"},"level":"error","message":"Sign Up Error","timestamp":"2026-02-06T20:23:43.884Z"}
{"err":{"clientVersion":"6.19.2","code":"P2002","meta":{"modelName":"User","target":"User_googleId_key"},"name":"PrismaClientKnownRequestError"},"level":"error","message":"Sign Up Error","timestamp":"2026-02-06T20:23:44.430Z"}
{"err":{},"level":"error","message":"Sign Up Error","timestamp":"2026-02-06T20:24:18.480Z"}
{"err":{},"level":"error","message":"Sign Up Error","timestamp":"2026-02-06T20:24:18.728Z"}
{"err":{},"level":"error","message":"Sign Up Error","timestamp":"2026-02-06T20:24:19.000Z"}
{"err":{},"level":"error","message":"Sign Up Error","timestamp":"2026-02-06T20:24:21.415Z"}
{"err":{},"level":"error","message":"Sign Up Error","timestamp":"2026-02-06T20:24:23.100Z"}
{"level":"info","message":"Server running on port 3000","timestamp":"2026-02-07T08:18:46.088Z"}
{"err":{"message":"[\n  {\n    \"origin\": \"string\",\n    \"code\": \"invalid_format\",\n    \"format\": \"email\",\n    \"pattern\": \"/^(?!\\\\.)(?!.*\\\\.\\\\.)([A-Za-z0-9_'+\\\\-\\\\.]*)[A-Za-z0-9_+-]@([A-Za-z0-9][A-Za-z0-9\\\\-]*\\\\.)+[A-Za-z]{2,}$/\",\n    \"path\": [\n      \"email\"\n    ],\n    \"message\": \"Invalid email address\"\n  },\n  {\n    \"origin\": \"string\",\n    \"code\": \"too_small\",\n    \"minimum\": 8,\n    \"inclusive\": true,\n    \"path\": [\n      \"password\"\n    ],\n    \"message\": \"Too small: expected string to have >=8 characters\"\n  }\n]","name":"ZodError"},"level":"error","message":"Validation error","timestamp":"2026-02-07T08:30:27.051Z"}
{"err":{},"level":"error","message":"Sign Up Error","timestamp":"2026-02-07T08:30:35.983Z"}
{"err":{},"level":"error","message":"Sign Up Error","timestamp":"2026-02-07T08:30:36.289Z"}
{"err":{},"level":"error","message":"Sign Up Error","timestamp":"2026-02-07T08:30:36.509Z"}
{"level":"info","message":"Server running on port 3000","timestamp":"2026-02-07T08:30:51.497Z"}
{"level":"info","message":"Server running on port 3000","timestamp":"2026-02-07T08:31:52.023Z"}
{"level":"info","message":"Server running on port 3000","timestamp":"2026-02-07T08:32:51.475Z"}
{"level":"info","message":"Server running on port 3000","timestamp":"2026-02-07T08:36:12.244Z"}
{"level":"info","message":"Server running on port 3000","timestamp":"2026-02-07T08:36:14.696Z"}
{"level":"info","message":"Server running on port 3000","timestamp":"2026-02-07T08:36:16.812Z"}
{"level":"info","message":"Server running on port 3000","timestamp":"2026-02-07T08:36:19.449Z"}
{"level":"info","message":"Server running on port 3000","timestamp":"2026-02-07T08:36:33.142Z"}
{"level":"info","message":"Server running on port 3000","timestamp":"2026-02-07T08:36:41.552Z"}
{"level":"info","message":"Server running on port 3000","timestamp":"2026-02-07T08:36:51.612Z"}
{"level":"info","message":"Server running on port 3000","timestamp":"2026-02-07T08:37:12.510Z"}
{"err":{"clientVersion":"6.19.2","code":"P2002","meta":{"modelName":"User","target":"User_googleId_key"},"name":"PrismaClientKnownRequestError"},"level":"error","message":"Sign Up Error","timestamp":"2026-02-07T08:39:27.027Z"}
{"err":{"clientVersion":"6.19.2","code":"P2002","meta":{"modelName":"User","target":"User_googleId_key"},"name":"PrismaClientKnownRequestError"},"level":"error","message":"Sign Up Error","timestamp":"2026-02-07T08:39:42.331Z"}
{"err":{"clientVersion":"6.19.2","code":"P2002","meta":{"modelName":"User","target":"User_googleId_key"},"name":"PrismaClientKnownRequestError"},"level":"error","message":"Sign Up Error","timestamp":"2026-02-07T08:39:46.530Z"}
{"err":{"clientVersion":"6.19.2","code":"P2002","meta":{"modelName":"User","target":"User_googleId_key"},"name":"PrismaClientKnownRequestError"},"level":"error","message":"Sign Up Error","timestamp":"2026-02-07T08:40:09.116Z"}
{"level":"info","message":"Server running on port 3000","timestamp":"2026-02-07T11:22:45.738Z"}
{"err":{"clientVersion":"6.19.2","code":"P2002","meta":{"modelName":"User","target":"User_googleId_key"},"name":"PrismaClientKnownRequestError"},"level":"error","message":"Sign Up Error","timestamp":"2026-02-07T11:24:29.529Z"}
{"err":{"clientVersion":"6.19.2","code":"P2002","meta":{"modelName":"User","target":"User_googleId_key"},"name":"PrismaClientKnownRequestError"},"level":"error","message":"Sign Up Error","timestamp":"2026-02-07T11:24:29.590Z"}
{"err":{"clientVersion":"6.19.2","code":"P2002","meta":{"modelName":"User","target":"User_googleId_key"},"name":"PrismaClientKnownRequestError"},"level":"error","message":"Sign Up Error","timestamp":"2026-02-07T11:24:30.744Z"}
{"level":"info","message":"Server running on port 3000","timestamp":"2026-02-07T11:25:35.842Z"}
{"email":"moosakhan033233@gmail.com","err":{"clientVersion":"6.19.2","code":"P2002","meta":{"modelName":"User","target":"User_googleId_key"},"name":"PrismaClientKnownRequestError"},"level":"error","message":"Prisma create user failed","timestamp":"2026-02-07T11:26:10.759Z"}
{"err":{},"level":"error","message":"Sign Up Error","timestamp":"2026-02-07T11:26:10.762Z"}
{"level":"info","message":"Server running on port 3000","timestamp":"2026-02-07T11:34:25.600Z"}
{"email":"moosakhan033233@gmail.com","err":{"clientVersion":"6.19.2","code":"P2002","meta":{"modelName":"User","target":"User_email_key"},"name":"PrismaClientKnownRequestError"},"level":"error","message":"Prisma create user failed","timestamp":"2026-02-07T11:35:42.977Z"}
{"err":{},"level":"error","message":"Sign Up Error","timestamp":"2026-02-07T11:35:42.979Z"}
{"code":"EAUTH","command":"AUTH PLAIN","level":"error","message":"Email send failed Invalid login: 535-5.7.8 Username and Password not accepted. For more information, go to\n535 5.7.8  https://support.google.com/mail/?p=BadCredentials 5b1f17b1804b1-48317d33f5fsm195274775e9.5 - gsmtp","response":"535-5.7.8 Username and Password not accepted. For more information, go to\n535 5.7.8  https://support.google.com/mail/?p=BadCredentials 5b1f17b1804b1-48317d33f5fsm195274775e9.5 - gsmtp","responseCode":535,"stack":"Error: Invalid login: 535-5.7.8 Username and Password not accepted. For more information, go to\n535 5.7.8  https://support.google.com/mail/?p=BadCredentials 5b1f17b1804b1-48317d33f5fsm195274775e9.5 - gsmtp\n    at SMTPConnection._formatError (D:\\eventManagementApp\\concertapp\\backend\\node_modules\\nodemailer\\lib\\smtp-connection\\index.js:814:19)\n    at SMTPConnection._actionAUTHComplete (D:\\eventManagementApp\\concertapp\\backend\\node_modules\\nodemailer\\lib\\smtp-connection\\index.js:1622:34)\n    at SMTPConnection.<anonymous> (D:\\eventManagementApp\\concertapp\\backend\\node_modules\\nodemailer\\lib\\smtp-connection\\index.js:556:26)\n    at SMTPConnection._processResponse (D:\\eventManagementApp\\concertapp\\backend\\node_modules\\nodemailer\\lib\\smtp-connection\\index.js:998:20)\n    at SMTPConnection._onData (D:\\eventManagementApp\\concertapp\\backend\\node_modules\\nodemailer\\lib\\smtp-connection\\index.js:774:14)\n    at SMTPConnection._onSocketData (D:\\eventManagementApp\\concertapp\\backend\\node_modules\\nodemailer\\lib\\smtp-connection\\index.js:195:44)\n    at TLSSocket.emit (node:events:519:28)\n    at addChunk (node:internal/streams/readable:561:12)\n    at readableAddChunkPushByteMode (node:internal/streams/readable:512:3)\n    at Readable.push (node:internal/streams/readable:392:5)","timestamp":"2026-02-07T11:35:44.625Z"}
{"err":{"code":"EAUTH","command":"AUTH PLAIN","response":"535-5.7.8 Username and Password not accepted. For more information, go to\n535 5.7.8  https://support.google.com/mail/?p=BadCredentials 5b1f17b1804b1-48317d33f5fsm195274775e9.5 - gsmtp","responseCode":535},"level":"error","message":"Sign Up Error","timestamp":"2026-02-07T11:35:44.627Z"}
{"level":"info","message":"Server running on port 3000","timestamp":"2026-02-07T11:37:53.641Z"}
{"level":"info","message":"Server running on port 3000","timestamp":"2026-02-07T12:15:47.040Z"}
{"err":{"body":"{^\"email\":^\"moosakhan033233@gmail.com\",^\"password\":^\"101326Ez\"}","expose":true,"status":400,"statusCode":400,"type":"entity.parse.failed"},"level":"error","message":"Unhandled error","path":"/login","timestamp":"2026-02-07T12:18:42.916Z"}
{"level":"info","message":"Server running on port 3000","timestamp":"2026-02-07T13:11:56.615Z"}
{"err":{},"level":"error","message":"Sign Up Error","timestamp":"2026-02-07T13:12:54.500Z"}
{"err":{},"level":"error","message":"Sign Up Error","timestamp":"2026-02-07T13:13:01.374Z"}
{"err":{},"level":"error","message":"Sign Up Error","timestamp":"2026-02-07T13:13:05.202Z"}
{"level":"info","message":"Server running on port 3000","timestamp":"2026-02-07T13:16:01.018Z"}
{"err":{},"level":"error","message":"Sign Up Error","timestamp":"2026-02-07T13:16:04.299Z"}
{"err":{},"level":"error","message":"Sign Up Error","timestamp":"2026-02-07T13:16:04.449Z"}
{"err":{},"level":"error","message":"Sign Up Error","timestamp":"2026-02-07T13:16:04.572Z"}
{"err":{},"level":"error","message":"Sign Up Error","timestamp":"2026-02-07T13:16:04.687Z"}
{"err":{},"level":"error","message":"Sign Up Error","timestamp":"2026-02-07T13:16:04.806Z"}
{"level":"info","message":"Server running on port 3000","timestamp":"2026-02-07T13:16:37.639Z"}
{"level":"info","message":"Server running on port 3000","timestamp":"2026-02-07T13:17:34.199Z"}
{"level":"info","message":"Server running on port 3000","timestamp":"2026-02-07T13:17:41.627Z"}
{"body":{"email":"moosakhan033233@gmail.com","name":"Moosa Khan ","password":"101326Ez"},"level":"error","message":"Sign Up Error User exists","stack":"Error: User exists\n    at signUpEmail (D:\\eventManagementApp\\concertapp\\backend\\src\\services\\authServices.js:38:28)\n    at async signUpEmailCtrl (D:\\eventManagementApp\\concertapp\\backend\\src\\controllers\\authController.js:8:28)","timestamp":"2026-02-07T13:17:48.751Z"}
{"body":{"email":"moosakhan033233@gmail.com","name":"Moosa Khan ","password":"101326Ez"},"level":"error","message":"Sign Up Error User exists","stack":"Error: User exists\n    at signUpEmail (D:\\eventManagementApp\\concertapp\\backend\\src\\services\\authServices.js:38:28)\n    at async signUpEmailCtrl (D:\\eventManagementApp\\concertapp\\backend\\src\\controllers\\authController.js:8:28)","timestamp":"2026-02-07T13:17:57.197Z"}
{"level":"info","message":"Server running on port 3000","timestamp":"2026-02-07T13:19:00.239Z"}
{"code":"EAUTH","command":"AUTH PLAIN","level":"error","message":"Email send failed Invalid login: 535-5.7.8 Username and Password not accepted. For more information, go to\n535 5.7.8  https://support.google.com/mail/?p=BadCredentials ffacd0b85a97d-436297455eesm12912670f8f.29 - gsmtp","response":"535-5.7.8 Username and Password not accepted. For more information, go to\n535 5.7.8  https://support.google.com/mail/?p=BadCredentials ffacd0b85a97d-436297455eesm12912670f8f.29 - gsmtp","responseCode":535,"stack":"Error: Invalid login: 535-5.7.8 Username and Password not accepted. For more information, go to\n535 5.7.8  https://support.google.com/mail/?p=BadCredentials ffacd0b85a97d-436297455eesm12912670f8f.29 - gsmtp\n    at SMTPConnection._formatError (D:\\eventManagementApp\\concertapp\\backend\\node_modules\\nodemailer\\lib\\smtp-connection\\index.js:814:19)\n    at SMTPConnection._actionAUTHComplete (D:\\eventManagementApp\\concertapp\\backend\\node_modules\\nodemailer\\lib\\smtp-connection\\index.js:1622:34)\n    at SMTPConnection.<anonymous> (D:\\eventManagementApp\\concertapp\\backend\\node_modules\\nodemailer\\lib\\smtp-connection\\index.js:556:26)\n    at SMTPConnection._processResponse (D:\\eventManagementApp\\concertapp\\backend\\node_modules\\nodemailer\\lib\\smtp-connection\\index.js:998:20)\n    at SMTPConnection._onData (D:\\eventManagementApp\\concertapp\\backend\\node_modules\\nodemailer\\lib\\smtp-connection\\index.js:774:14)\n    at SMTPConnection._onSocketData (D:\\eventManagementApp\\concertapp\\backend\\node_modules\\nodemailer\\lib\\smtp-connection\\index.js:195:44)\n    at TLSSocket.emit (node:events:519:28)\n    at addChunk (node:internal/streams/readable:561:12)\n    at readableAddChunkPushByteMode (node:internal/streams/readable:512:3)\n    at Readable.push (node:internal/streams/readable:392:5)","timestamp":"2026-02-07T13:19:19.752Z"}
{"body":{"email":"moosakhan033233@gmail.com","name":"Moosa Khan ","password":"101326Ez"},"level":"error","message":"Sign Up Error Invalid login: 535-5.7.8 Username and Password not accepted. For more information, go to\n535 5.7.8  https://support.google.com/mail/?p=BadCredentials ffacd0b85a97d-436297455eesm12912670f8f.29 - gsmtp","stack":"Error: Invalid login: 535-5.7.8 Username and Password not accepted. For more information, go to\n535 5.7.8  https://support.google.com/mail/?p=BadCredentials ffacd0b85a97d-436297455eesm12912670f8f.29 - gsmtp\n    at SMTPConnection._formatError (D:\\eventManagementApp\\concertapp\\backend\\node_modules\\nodemailer\\lib\\smtp-connection\\index.js:814:19)\n    at SMTPConnection._actionAUTHComplete (D:\\eventManagementApp\\concertapp\\backend\\node_modules\\nodemailer\\lib\\smtp-connection\\index.js:1622:34)\n    at SMTPConnection.<anonymous> (D:\\eventManagementApp\\concertapp\\backend\\node_modules\\nodemailer\\lib\\smtp-connection\\index.js:556:26)\n    at SMTPConnection._processResponse (D:\\eventManagementApp\\concertapp\\backend\\node_modules\\nodemailer\\lib\\smtp-connection\\index.js:998:20)\n    at SMTPConnection._onData (D:\\eventManagementApp\\concertapp\\backend\\node_modules\\nodemailer\\lib\\smtp-connection\\index.js:774:14)\n    at SMTPConnection._onSocketData (D:\\eventManagementApp\\concertapp\\backend\\node_modules\\nodemailer\\lib\\smtp-connection\\index.js:195:44)\n    at TLSSocket.emit (node:events:519:28)\n    at addChunk (node:internal/streams/readable:561:12)\n    at readableAddChunkPushByteMode (node:internal/streams/readable:512:3)\n    at Readable.push (node:internal/streams/readable:392:5)","timestamp":"2026-02-07T13:19:19.753Z"}
{"code":"EAUTH","command":"AUTH PLAIN","level":"error","message":"Email send failed Invalid login: 535-5.7.8 Username and Password not accepted. For more information, go to\n535 5.7.8  https://support.google.com/mail/?p=BadCredentials 5b1f17b1804b1-483209e0c4fsm42468265e9.18 - gsmtp","response":"535-5.7.8 Username and Password not accepted. For more information, go to\n535 5.7.8  https://support.google.com/mail/?p=BadCredentials 5b1f17b1804b1-483209e0c4fsm42468265e9.18 - gsmtp","responseCode":535,"stack":"Error: Invalid login: 535-5.7.8 Username and Password not accepted. For more information, go to\n535 5.7.8  https://support.google.com/mail/?p=BadCredentials 5b1f17b1804b1-483209e0c4fsm42468265e9.18 - gsmtp\n    at SMTPConnection._formatError (D:\\eventManagementApp\\concertapp\\backend\\node_modules\\nodemailer\\lib\\smtp-connection\\index.js:814:19)\n    at SMTPConnection._actionAUTHComplete (D:\\eventManagementApp\\concertapp\\backend\\node_modules\\nodemailer\\lib\\smtp-connection\\index.js:1622:34)\n    at SMTPConnection.<anonymous> (D:\\eventManagementApp\\concertapp\\backend\\node_modules\\nodemailer\\lib\\smtp-connection\\index.js:556:26)\n    at SMTPConnection._processResponse (D:\\eventManagementApp\\concertapp\\backend\\node_modules\\nodemailer\\lib\\smtp-connection\\index.js:998:20)\n    at SMTPConnection._onData (D:\\eventManagementApp\\concertapp\\backend\\node_modules\\nodemailer\\lib\\smtp-connection\\index.js:774:14)\n    at SMTPConnection._onSocketData (D:\\eventManagementApp\\concertapp\\backend\\node_modules\\nodemailer\\lib\\smtp-connection\\index.js:195:44)\n    at TLSSocket.emit (node:events:519:28)\n    at addChunk (node:internal/streams/readable:561:12)\n    at readableAddChunkPushByteMode (node:internal/streams/readable:512:3)\n    at Readable.push (node:internal/streams/readable:392:5)","timestamp":"2026-02-07T13:19:20.122Z"}
{"body":{"email":"moosakhan033233@gmail.com","name":"Moosa Khan ","password":"101326Ez"},"level":"error","message":"Sign Up Error Invalid login: 535-5.7.8 Username and Password not accepted. For more information, go to\n535 5.7.8  https://support.google.com/mail/?p=BadCredentials 5b1f17b1804b1-483209e0c4fsm42468265e9.18 - gsmtp","stack":"Error: Invalid login: 535-5.7.8 Username and Password not accepted. For more information, go to\n535 5.7.8  https://support.google.com/mail/?p=BadCredentials 5b1f17b1804b1-483209e0c4fsm42468265e9.18 - gsmtp\n    at SMTPConnection._formatError (D:\\eventManagementApp\\concertapp\\backend\\node_modules\\nodemailer\\lib\\smtp-connection\\index.js:814:19)\n    at SMTPConnection._actionAUTHComplete (D:\\eventManagementApp\\concertapp\\backend\\node_modules\\nodemailer\\lib\\smtp-connection\\index.js:1622:34)\n    at SMTPConnection.<anonymous> (D:\\eventManagementApp\\concertapp\\backend\\node_modules\\nodemailer\\lib\\smtp-connection\\index.js:556:26)\n    at SMTPConnection._processResponse (D:\\eventManagementApp\\concertapp\\backend\\node_modules\\nodemailer\\lib\\smtp-connection\\index.js:998:20)\n    at SMTPConnection._onData (D:\\eventManagementApp\\concertapp\\backend\\node_modules\\nodemailer\\lib\\smtp-connection\\index.js:774:14)\n    at SMTPConnection._onSocketData (D:\\eventManagementApp\\concertapp\\backend\\node_modules\\nodemailer\\lib\\smtp-connection\\index.js:195:44)\n    at TLSSocket.emit (node:events:519:28)\n    at addChunk (node:internal/streams/readable:561:12)\n    at readableAddChunkPushByteMode (node:internal/streams/readable:512:3)\n    at Readable.push (node:internal/streams/readable:392:5)","timestamp":"2026-02-07T13:19:20.123Z"}
{"code":"EAUTH","command":"AUTH PLAIN","level":"error","message":"Email send failed Invalid login: 535-5.7.8 Username and Password not accepted. For more information, go to\n535 5.7.8  https://support.google.com/mail/?p=BadCredentials ffacd0b85a97d-43629756bc3sm12122094f8f.39 - gsmtp","response":"535-5.7.8 Username and Password not accepted. For more information, go to\n535 5.7.8  https://support.google.com/mail/?p=BadCredentials ffacd0b85a97d-43629756bc3sm12122094f8f.39 - gsmtp","responseCode":535,"stack":"Error: Invalid login: 535-5.7.8 Username and Password not accepted. For more information, go to\n535 5.7.8  https://support.google.com/mail/?p=BadCredentials ffacd0b85a97d-43629756bc3sm12122094f8f.39 - gsmtp\n    at SMTPConnection._formatError (D:\\eventManagementApp\\concertapp\\backend\\node_modules\\nodemailer\\lib\\smtp-connection\\index.js:814:19)\n    at SMTPConnection._actionAUTHComplete (D:\\eventManagementApp\\concertapp\\backend\\node_modules\\nodemailer\\lib\\smtp-connection\\index.js:1622:34)\n    at SMTPConnection.<anonymous> (D:\\eventManagementApp\\concertapp\\backend\\node_modules\\nodemailer\\lib\\smtp-connection\\index.js:556:26)\n    at SMTPConnection._processResponse (D:\\eventManagementApp\\concertapp\\backend\\node_modules\\nodemailer\\lib\\smtp-connection\\index.js:998:20)\n    at SMTPConnection._onData (D:\\eventManagementApp\\concertapp\\backend\\node_modules\\nodemailer\\lib\\smtp-connection\\index.js:774:14)\n    at SMTPConnection._onSocketData (D:\\eventManagementApp\\concertapp\\backend\\node_modules\\nodemailer\\lib\\smtp-connection\\index.js:195:44)\n    at TLSSocket.emit (node:events:519:28)\n    at addChunk (node:internal/streams/readable:561:12)\n    at readableAddChunkPushByteMode (node:internal/streams/readable:512:3)\n    at Readable.push (node:internal/streams/readable:392:5)","timestamp":"2026-02-07T13:19:20.242Z"}
{"body":{"email":"moosakhan033233@gmail.com","name":"Moosa Khan ","password":"101326Ez"},"level":"error","message":"Sign Up Error Invalid login: 535-5.7.8 Username and Password not accepted. For more information, go to\n535 5.7.8  https://support.google.com/mail/?p=BadCredentials ffacd0b85a97d-43629756bc3sm12122094f8f.39 - gsmtp","stack":"Error: Invalid login: 535-5.7.8 Username and Password not accepted. For more information, go to\n535 5.7.8  https://support.google.com/mail/?p=BadCredentials ffacd0b85a97d-43629756bc3sm12122094f8f.39 - gsmtp\n    at SMTPConnection._formatError (D:\\eventManagementApp\\concertapp\\backend\\node_modules\\nodemailer\\lib\\smtp-connection\\index.js:814:19)\n    at SMTPConnection._actionAUTHComplete (D:\\eventManagementApp\\concertapp\\backend\\node_modules\\nodemailer\\lib\\smtp-connection\\index.js:1622:34)\n    at SMTPConnection.<anonymous> (D:\\eventManagementApp\\concertapp\\backend\\node_modules\\nodemailer\\lib\\smtp-connection\\index.js:556:26)\n    at SMTPConnection._processResponse (D:\\eventManagementApp\\concertapp\\backend\\node_modules\\nodemailer\\lib\\smtp-connection\\index.js:998:20)\n    at SMTPConnection._onData (D:\\eventManagementApp\\concertapp\\backend\\node_modules\\nodemailer\\lib\\smtp-connection\\index.js:774:14)\n    at SMTPConnection._onSocketData (D:\\eventManagementApp\\concertapp\\backend\\node_modules\\nodemailer\\lib\\smtp-connection\\index.js:195:44)\n    at TLSSocket.emit (node:events:519:28)\n    at addChunk (node:internal/streams/readable:561:12)\n    at readableAddChunkPushByteMode (node:internal/streams/readable:512:3)\n    at Readable.push (node:internal/streams/readable:392:5)","timestamp":"2026-02-07T13:19:20.243Z"}
{"code":"EAUTH","command":"AUTH PLAIN","level":"error","message":"Email send failed Invalid login: 535-5.7.8 Username and Password not accepted. For more information, go to\n535 5.7.8  https://support.google.com/mail/?p=BadCredentials 5b1f17b1804b1-48320961505sm81293225e9.4 - gsmtp","response":"535-5.7.8 Username and Password not accepted. For more information, go to\n535 5.7.8  https://support.google.com/mail/?p=BadCredentials 5b1f17b1804b1-48320961505sm81293225e9.4 - gsmtp","responseCode":535,"stack":"Error: Invalid login: 535-5.7.8 Username and Password not accepted. For more information, go to\n535 5.7.8  https://support.google.com/mail/?p=BadCredentials 5b1f17b1804b1-48320961505sm81293225e9.4 - gsmtp\n    at SMTPConnection._formatError (D:\\eventManagementApp\\concertapp\\backend\\node_modules\\nodemailer\\lib\\smtp-connection\\index.js:814:19)\n    at SMTPConnection._actionAUTHComplete (D:\\eventManagementApp\\concertapp\\backend\\node_modules\\nodemailer\\lib\\smtp-connection\\index.js:1622:34)\n    at SMTPConnection.<anonymous> (D:\\eventManagementApp\\concertapp\\backend\\node_modules\\nodemailer\\lib\\smtp-connection\\index.js:556:26)\n    at SMTPConnection._processResponse (D:\\eventManagementApp\\concertapp\\backend\\node_modules\\nodemailer\\lib\\smtp-connection\\index.js:998:20)\n    at SMTPConnection._onData (D:\\eventManagementApp\\concertapp\\backend\\node_modules\\nodemailer\\lib\\smtp-connection\\index.js:774:14)\n    at SMTPConnection._onSocketData (D:\\eventManagementApp\\concertapp\\backend\\node_modules\\nodemailer\\lib\\smtp-connection\\index.js:195:44)\n    at TLSSocket.emit (node:events:519:28)\n    at addChunk (node:internal/streams/readable:561:12)\n    at readableAddChunkPushByteMode (node:internal/streams/readable:512:3)\n    at Readable.push (node:internal/streams/readable:392:5)","timestamp":"2026-02-07T13:19:21.764Z"}
{"body":{"email":"moosakhan033233@gmail.com","name":"Moosa Khan ","password":"101326Ez"},"level":"error","message":"Sign Up Error Invalid login: 535-5.7.8 Username and Password not accepted. For more information, go to\n535 5.7.8  https://support.google.com/mail/?p=BadCredentials 5b1f17b1804b1-48320961505sm81293225e9.4 - gsmtp","stack":"Error: Invalid login: 535-5.7.8 Username and Password not accepted. For more information, go to\n535 5.7.8  https://support.google.com/mail/?p=BadCredentials 5b1f17b1804b1-48320961505sm81293225e9.4 - gsmtp\n    at SMTPConnection._formatError (D:\\eventManagementApp\\concertapp\\backend\\node_modules\\nodemailer\\lib\\smtp-connection\\index.js:814:19)\n    at SMTPConnection._actionAUTHComplete (D:\\eventManagementApp\\concertapp\\backend\\node_modules\\nodemailer\\lib\\smtp-connection\\index.js:1622:34)\n    at SMTPConnection.<anonymous> (D:\\eventManagementApp\\concertapp\\backend\\node_modules\\nodemailer\\lib\\smtp-connection\\index.js:556:26)\n    at SMTPConnection._processResponse (D:\\eventManagementApp\\concertapp\\backend\\node_modules\\nodemailer\\lib\\smtp-connection\\index.js:998:20)\n    at SMTPConnection._onData (D:\\eventManagementApp\\concertapp\\backend\\node_modules\\nodemailer\\lib\\smtp-connection\\index.js:774:14)\n    at SMTPConnection._onSocketData (D:\\eventManagementApp\\concertapp\\backend\\node_modules\\nodemailer\\lib\\smtp-connection\\index.js:195:44)\n    at TLSSocket.emit (node:events:519:28)\n    at addChunk (node:internal/streams/readable:561:12)\n    at readableAddChunkPushByteMode (node:internal/streams/readable:512:3)\n    at Readable.push (node:internal/streams/readable:392:5)","timestamp":"2026-02-07T13:19:21.765Z"}
{"code":"EAUTH","command":"AUTH PLAIN","level":"error","message":"Email send failed Invalid login: 535-5.7.8 Username and Password not accepted. For more information, go to\n535 5.7.8  https://support.google.com/mail/?p=BadCredentials ffacd0b85a97d-4362972fb81sm13808322f8f.20 - gsmtp","response":"535-5.7.8 Username and Password not accepted. For more information, go to\n535 5.7.8  https://support.google.com/mail/?p=BadCredentials ffacd0b85a97d-4362972fb81sm13808322f8f.20 - gsmtp","responseCode":535,"stack":"Error: Invalid login: 535-5.7.8 Username and Password not accepted. For more information, go to\n535 5.7.8  https://support.google.com/mail/?p=BadCredentials ffacd0b85a97d-4362972fb81sm13808322f8f.20 - gsmtp\n    at SMTPConnection._formatError (D:\\eventManagementApp\\concertapp\\backend\\node_modules\\nodemailer\\lib\\smtp-connection\\index.js:814:19)\n    at SMTPConnection._actionAUTHComplete (D:\\eventManagementApp\\concertapp\\backend\\node_modules\\nodemailer\\lib\\smtp-connection\\index.js:1622:34)\n    at SMTPConnection.<anonymous> (D:\\eventManagementApp\\concertapp\\backend\\node_modules\\nodemailer\\lib\\smtp-connection\\index.js:556:26)\n    at SMTPConnection._processResponse (D:\\eventManagementApp\\concertapp\\backend\\node_modules\\nodemailer\\lib\\smtp-connection\\index.js:998:20)\n    at SMTPConnection._onData (D:\\eventManagementApp\\concertapp\\backend\\node_modules\\nodemailer\\lib\\smtp-connection\\index.js:774:14)\n    at SMTPConnection._onSocketData (D:\\eventManagementApp\\concertapp\\backend\\node_modules\\nodemailer\\lib\\smtp-connection\\index.js:195:44)\n    at TLSSocket.emit (node:events:519:28)\n    at addChunk (node:internal/streams/readable:561:12)\n    at readableAddChunkPushByteMode (node:internal/streams/readable:512:3)\n    at Readable.push (node:internal/streams/readable:392:5)","timestamp":"2026-02-07T13:19:58.783Z"}
{"body":{"email":"moosakhan033233@gmail.com","name":"Moosa Khan ","password":"101326Ez"},"level":"error","message":"Sign Up Error Invalid login: 535-5.7.8 Username and Password not accepted. For more information, go to\n535 5.7.8  https://support.google.com/mail/?p=BadCredentials ffacd0b85a97d-4362972fb81sm13808322f8f.20 - gsmtp","stack":"Error: Invalid login: 535-5.7.8 Username and Password not accepted. For more information, go to\n535 5.7.8  https://support.google.com/mail/?p=BadCredentials ffacd0b85a97d-4362972fb81sm13808322f8f.20 - gsmtp\n    at SMTPConnection._formatError (D:\\eventManagementApp\\concertapp\\backend\\node_modules\\nodemailer\\lib\\smtp-connection\\index.js:814:19)\n    at SMTPConnection._actionAUTHComplete (D:\\eventManagementApp\\concertapp\\backend\\node_modules\\nodemailer\\lib\\smtp-connection\\index.js:1622:34)\n    at SMTPConnection.<anonymous> (D:\\eventManagementApp\\concertapp\\backend\\node_modules\\nodemailer\\lib\\smtp-connection\\index.js:556:26)\n    at SMTPConnection._processResponse (D:\\eventManagementApp\\concertapp\\backend\\node_modules\\nodemailer\\lib\\smtp-connection\\index.js:998:20)\n    at SMTPConnection._onData (D:\\eventManagementApp\\concertapp\\backend\\node_modules\\nodemailer\\lib\\smtp-connection\\index.js:774:14)\n    at SMTPConnection._onSocketData (D:\\eventManagementApp\\concertapp\\backend\\node_modules\\nodemailer\\lib\\smtp-connection\\index.js:195:44)\n    at TLSSocket.emit (node:events:519:28)\n    at addChunk (node:internal/streams/readable:561:12)\n    at readableAddChunkPushByteMode (node:internal/streams/readable:512:3)\n    at Readable.push (node:internal/streams/readable:392:5)","timestamp":"2026-02-07T13:19:58.784Z"}
{"code":"EAUTH","command":"AUTH PLAIN","level":"error","message":"Email send failed Invalid login: 535-5.7.8 Username and Password not accepted. For more information, go to\n535 5.7.8  https://support.google.com/mail/?p=BadCredentials ffacd0b85a97d-43629664632sm13303758f8f.0 - gsmtp","response":"535-5.7.8 Username and Password not accepted. For more information, go to\n535 5.7.8  https://support.google.com/mail/?p=BadCredentials ffacd0b85a97d-43629664632sm13303758f8f.0 - gsmtp","responseCode":535,"stack":"Error: Invalid login: 535-5.7.8 Username and Password not accepted. For more information, go to\n535 5.7.8  https://support.google.com/mail/?p=BadCredentials ffacd0b85a97d-43629664632sm13303758f8f.0 - gsmtp\n    at SMTPConnection._formatError (D:\\eventManagementApp\\concertapp\\backend\\node_modules\\nodemailer\\lib\\smtp-connection\\index.js:814:19)\n    at SMTPConnection._actionAUTHComplete (D:\\eventManagementApp\\concertapp\\backend\\node_modules\\nodemailer\\lib\\smtp-connection\\index.js:1622:34)\n    at SMTPConnection.<anonymous> (D:\\eventManagementApp\\concertapp\\backend\\node_modules\\nodemailer\\lib\\smtp-connection\\index.js:556:26)\n    at SMTPConnection._processResponse (D:\\eventManagementApp\\concertapp\\backend\\node_modules\\nodemailer\\lib\\smtp-connection\\index.js:998:20)\n    at SMTPConnection._onData (D:\\eventManagementApp\\concertapp\\backend\\node_modules\\nodemailer\\lib\\smtp-connection\\index.js:774:14)\n    at SMTPConnection._onSocketData (D:\\eventManagementApp\\concertapp\\backend\\node_modules\\nodemailer\\lib\\smtp-connection\\index.js:195:44)\n    at TLSSocket.emit (node:events:519:28)\n    at addChunk (node:internal/streams/readable:561:12)\n    at readableAddChunkPushByteMode (node:internal/streams/readable:512:3)\n    at Readable.push (node:internal/streams/readable:392:5)","timestamp":"2026-02-07T13:57:09.667Z"}
{"body":{"email":"moosakhan033233@gmail.com","name":"Moosa Khan ","password":"101326Ez"},"level":"error","message":"Sign Up Error Invalid login: 535-5.7.8 Username and Password not accepted. For more information, go to\n535 5.7.8  https://support.google.com/mail/?p=BadCredentials ffacd0b85a97d-43629664632sm13303758f8f.0 - gsmtp","stack":"Error: Invalid login: 535-5.7.8 Username and Password not accepted. For more information, go to\n535 5.7.8  https://support.google.com/mail/?p=BadCredentials ffacd0b85a97d-43629664632sm13303758f8f.0 - gsmtp\n    at SMTPConnection._formatError (D:\\eventManagementApp\\concertapp\\backend\\node_modules\\nodemailer\\lib\\smtp-connection\\index.js:814:19)\n    at SMTPConnection._actionAUTHComplete (D:\\eventManagementApp\\concertapp\\backend\\node_modules\\nodemailer\\lib\\smtp-connection\\index.js:1622:34)\n    at SMTPConnection.<anonymous> (D:\\eventManagementApp\\concertapp\\backend\\node_modules\\nodemailer\\lib\\smtp-connection\\index.js:556:26)\n    at SMTPConnection._processResponse (D:\\eventManagementApp\\concertapp\\backend\\node_modules\\nodemailer\\lib\\smtp-connection\\index.js:998:20)\n    at SMTPConnection._onData (D:\\eventManagementApp\\concertapp\\backend\\node_modules\\nodemailer\\lib\\smtp-connection\\index.js:774:14)\n    at SMTPConnection._onSocketData (D:\\eventManagementApp\\concertapp\\backend\\node_modules\\nodemailer\\lib\\smtp-connection\\index.js:195:44)\n    at TLSSocket.emit (node:events:519:28)\n    at addChunk (node:internal/streams/readable:561:12)\n    at readableAddChunkPushByteMode (node:internal/streams/readable:512:3)\n    at Readable.push (node:internal/streams/readable:392:5)","timestamp":"2026-02-07T13:57:09.670Z"}
{"code":"EAUTH","command":"AUTH PLAIN","level":"error","message":"Email send failed Invalid login: 535-5.7.8 Username and Password not accepted. For more information, go to\n535 5.7.8  https://support.google.com/mail/?p=BadCredentials ffacd0b85a97d-43631c8d378sm6483960f8f.21 - gsmtp","response":"535-5.7.8 Username and Password not accepted. For more information, go to\n535 5.7.8  https://support.google.com/mail/?p=BadCredentials ffacd0b85a97d-43631c8d378sm6483960f8f.21 - gsmtp","responseCode":535,"stack":"Error: Invalid login: 535-5.7.8 Username and Password not accepted. For more information, go to\n535 5.7.8  https://support.google.com/mail/?p=BadCredentials ffacd0b85a97d-43631c8d378sm6483960f8f.21 - gsmtp\n    at SMTPConnection._formatError (D:\\eventManagementApp\\concertapp\\backend\\node_modules\\nodemailer\\lib\\smtp-connection\\index.js:814:19)\n    at SMTPConnection._actionAUTHComplete (D:\\eventManagementApp\\concertapp\\backend\\node_modules\\nodemailer\\lib\\smtp-connection\\index.js:1622:34)\n    at SMTPConnection.<anonymous> (D:\\eventManagementApp\\concertapp\\backend\\node_modules\\nodemailer\\lib\\smtp-connection\\index.js:556:26)\n    at SMTPConnection._processResponse (D:\\eventManagementApp\\concertapp\\backend\\node_modules\\nodemailer\\lib\\smtp-connection\\index.js:998:20)\n    at SMTPConnection._onData (D:\\eventManagementApp\\concertapp\\backend\\node_modules\\nodemailer\\lib\\smtp-connection\\index.js:774:14)\n    at SMTPConnection._onSocketData (D:\\eventManagementApp\\concertapp\\backend\\node_modules\\nodemailer\\lib\\smtp-connection\\index.js:195:44)\n    at TLSSocket.emit (node:events:519:28)\n    at addChunk (node:internal/streams/readable:561:12)\n    at readableAddChunkPushByteMode (node:internal/streams/readable:512:3)\n    at Readable.push (node:internal/streams/readable:392:5)","timestamp":"2026-02-07T13:57:09.768Z"}
{"body":{"email":"moosakhan033233@gmail.com","name":"Moosa Khan ","password":"101326Ez"},"level":"error","message":"Sign Up Error Invalid login: 535-5.7.8 Username and Password not accepted. For more information, go to\n535 5.7.8  https://support.google.com/mail/?p=BadCredentials ffacd0b85a97d-43631c8d378sm6483960f8f.21 - gsmtp","stack":"Error: Invalid login: 535-5.7.8 Username and Password not accepted. For more information, go to\n535 5.7.8  https://support.google.com/mail/?p=BadCredentials ffacd0b85a97d-43631c8d378sm6483960f8f.21 - gsmtp\n    at SMTPConnection._formatError (D:\\eventManagementApp\\concertapp\\backend\\node_modules\\nodemailer\\lib\\smtp-connection\\index.js:814:19)\n    at SMTPConnection._actionAUTHComplete (D:\\eventManagementApp\\concertapp\\backend\\node_modules\\nodemailer\\lib\\smtp-connection\\index.js:1622:34)\n    at SMTPConnection.<anonymous> (D:\\eventManagementApp\\concertapp\\backend\\node_modules\\nodemailer\\lib\\smtp-connection\\index.js:556:26)\n    at SMTPConnection._processResponse (D:\\eventManagementApp\\concertapp\\backend\\node_modules\\nodemailer\\lib\\smtp-connection\\index.js:998:20)\n    at SMTPConnection._onData (D:\\eventManagementApp\\concertapp\\backend\\node_modules\\nodemailer\\lib\\smtp-connection\\index.js:774:14)\n    at SMTPConnection._onSocketData (D:\\eventManagementApp\\concertapp\\backend\\node_modules\\nodemailer\\lib\\smtp-connection\\index.js:195:44)\n    at TLSSocket.emit (node:events:519:28)\n    at addChunk (node:internal/streams/readable:561:12)\n    at readableAddChunkPushByteMode (node:internal/streams/readable:512:3)\n    at Readable.push (node:internal/streams/readable:392:5)","timestamp":"2026-02-07T13:57:09.772Z"}
{"code":"EAUTH","command":"AUTH PLAIN","level":"error","message":"Email send failed Invalid login: 535-5.7.8 Username and Password not accepted. For more information, go to\n535 5.7.8  https://support.google.com/mail/?p=BadCredentials 5b1f17b1804b1-4832096f127sm57799005e9.6 - gsmtp","response":"535-5.7.8 Username and Password not accepted. For more information, go to\n535 5.7.8  https://support.google.com/mail/?p=BadCredentials 5b1f17b1804b1-4832096f127sm57799005e9.6 - gsmtp","responseCode":535,"stack":"Error: Invalid login: 535-5.7.8 Username and Password not accepted. For more information, go to\n535 5.7.8  https://support.google.com/mail/?p=BadCredentials 5b1f17b1804b1-4832096f127sm57799005e9.6 - gsmtp\n    at SMTPConnection._formatError (D:\\eventManagementApp\\concertapp\\backend\\node_modules\\nodemailer\\lib\\smtp-connection\\index.js:814:19)\n    at SMTPConnection._actionAUTHComplete (D:\\eventManagementApp\\concertapp\\backend\\node_modules\\nodemailer\\lib\\smtp-connection\\index.js:1622:34)\n    at SMTPConnection.<anonymous> (D:\\eventManagementApp\\concertapp\\backend\\node_modules\\nodemailer\\lib\\smtp-connection\\index.js:556:26)\n    at SMTPConnection._processResponse (D:\\eventManagementApp\\concertapp\\backend\\node_modules\\nodemailer\\lib\\smtp-connection\\index.js:998:20)\n    at SMTPConnection._onData (D:\\eventManagementApp\\concertapp\\backend\\node_modules\\nodemailer\\lib\\smtp-connection\\index.js:774:14)\n    at SMTPConnection._onSocketData (D:\\eventManagementApp\\concertapp\\backend\\node_modules\\nodemailer\\lib\\smtp-connection\\index.js:195:44)\n    at TLSSocket.emit (node:events:519:28)\n    at addChunk (node:internal/streams/readable:561:12)\n    at readableAddChunkPushByteMode (node:internal/streams/readable:512:3)\n    at Readable.push (node:internal/streams/readable:392:5)","timestamp":"2026-02-07T13:57:10.453Z"}
{"body":{"email":"moosakhan033233@gmail.com","name":"Moosa Khan ","password":"101326Ez"},"level":"error","message":"Sign Up Error Invalid login: 535-5.7.8 Username and Password not accepted. For more information, go to\n535 5.7.8  https://support.google.com/mail/?p=BadCredentials 5b1f17b1804b1-4832096f127sm57799005e9.6 - gsmtp","stack":"Error: Invalid login: 535-5.7.8 Username and Password not accepted. For more information, go to\n535 5.7.8  https://support.google.com/mail/?p=BadCredentials 5b1f17b1804b1-4832096f127sm57799005e9.6 - gsmtp\n    at SMTPConnection._formatError (D:\\eventManagementApp\\concertapp\\backend\\node_modules\\nodemailer\\lib\\smtp-connection\\index.js:814:19)\n    at SMTPConnection._actionAUTHComplete (D:\\eventManagementApp\\concertapp\\backend\\node_modules\\nodemailer\\lib\\smtp-connection\\index.js:1622:34)\n    at SMTPConnection.<anonymous> (D:\\eventManagementApp\\concertapp\\backend\\node_modules\\nodemailer\\lib\\smtp-connection\\index.js:556:26)\n    at SMTPConnection._processResponse (D:\\eventManagementApp\\concertapp\\backend\\node_modules\\nodemailer\\lib\\smtp-connection\\index.js:998:20)\n    at SMTPConnection._onData (D:\\eventManagementApp\\concertapp\\backend\\node_modules\\nodemailer\\lib\\smtp-connection\\index.js:774:14)\n    at SMTPConnection._onSocketData (D:\\eventManagementApp\\concertapp\\backend\\node_modules\\nodemailer\\lib\\smtp-connection\\index.js:195:44)\n    at TLSSocket.emit (node:events:519:28)\n    at addChunk (node:internal/streams/readable:561:12)\n    at readableAddChunkPushByteMode (node:internal/streams/readable:512:3)\n    at Readable.push (node:internal/streams/readable:392:5)","timestamp":"2026-02-07T13:57:10.454Z"}
{"code":"EAUTH","command":"AUTH PLAIN","level":"error","message":"Email send failed Invalid login: 535-5.7.8 Username and Password not accepted. For more information, go to\n535 5.7.8  https://support.google.com/mail/?p=BadCredentials ffacd0b85a97d-43629754c62sm11917462f8f.38 - gsmtp","response":"535-5.7.8 Username and Password not accepted. For more information, go to\n535 5.7.8  https://support.google.com/mail/?p=BadCredentials ffacd0b85a97d-43629754c62sm11917462f8f.38 - gsmtp","responseCode":535,"stack":"Error: Invalid login: 535-5.7.8 Username and Password not accepted. For more information, go to\n535 5.7.8  https://support.google.com/mail/?p=BadCredentials ffacd0b85a97d-43629754c62sm11917462f8f.38 - gsmtp\n    at SMTPConnection._formatError (D:\\eventManagementApp\\concertapp\\backend\\node_modules\\nodemailer\\lib\\smtp-connection\\index.js:814:19)\n    at SMTPConnection._actionAUTHComplete (D:\\eventManagementApp\\concertapp\\backend\\node_modules\\nodemailer\\lib\\smtp-connection\\index.js:1622:34)\n    at SMTPConnection.<anonymous> (D:\\eventManagementApp\\concertapp\\backend\\node_modules\\nodemailer\\lib\\smtp-connection\\index.js:556:26)\n    at SMTPConnection._processResponse (D:\\eventManagementApp\\concertapp\\backend\\node_modules\\nodemailer\\lib\\smtp-connection\\index.js:998:20)\n    at SMTPConnection._onData (D:\\eventManagementApp\\concertapp\\backend\\node_modules\\nodemailer\\lib\\smtp-connection\\index.js:774:14)\n    at SMTPConnection._onSocketData (D:\\eventManagementApp\\concertapp\\backend\\node_modules\\nodemailer\\lib\\smtp-connection\\index.js:195:44)\n    at TLSSocket.emit (node:events:519:28)\n    at addChunk (node:internal/streams/readable:561:12)\n    at readableAddChunkPushByteMode (node:internal/streams/readable:512:3)\n    at Readable.push (node:internal/streams/readable:392:5)","timestamp":"2026-02-07T13:57:30.437Z"}
{"body":{"email":"moosakhan033233@gmail.com","name":"Moosa Khan ","password":"101326Ez"},"level":"error","message":"Sign Up Error Invalid login: 535-5.7.8 Username and Password not accepted. For more information, go to\n535 5.7.8  https://support.google.com/mail/?p=BadCredentials ffacd0b85a97d-43629754c62sm11917462f8f.38 - gsmtp","stack":"Error: Invalid login: 535-5.7.8 Username and Password not accepted. For more information, go to\n535 5.7.8  https://support.google.com/mail/?p=BadCredentials ffacd0b85a97d-43629754c62sm11917462f8f.38 - gsmtp\n    at SMTPConnection._formatError (D:\\eventManagementApp\\concertapp\\backend\\node_modules\\nodemailer\\lib\\smtp-connection\\index.js:814:19)\n    at SMTPConnection._actionAUTHComplete (D:\\eventManagementApp\\concertapp\\backend\\node_modules\\nodemailer\\lib\\smtp-connection\\index.js:1622:34)\n    at SMTPConnection.<anonymous> (D:\\eventManagementApp\\concertapp\\backend\\node_modules\\nodemailer\\lib\\smtp-connection\\index.js:556:26)\n    at SMTPConnection._processResponse (D:\\eventManagementApp\\concertapp\\backend\\node_modules\\nodemailer\\lib\\smtp-connection\\index.js:998:20)\n    at SMTPConnection._onData (D:\\eventManagementApp\\concertapp\\backend\\node_modules\\nodemailer\\lib\\smtp-connection\\index.js:774:14)\n    at SMTPConnection._onSocketData (D:\\eventManagementApp\\concertapp\\backend\\node_modules\\nodemailer\\lib\\smtp-connection\\index.js:195:44)\n    at TLSSocket.emit (node:events:519:28)\n    at addChunk (node:internal/streams/readable:561:12)\n    at readableAddChunkPushByteMode (node:internal/streams/readable:512:3)\n    at Readable.push (node:internal/streams/readable:392:5)","timestamp":"2026-02-07T13:57:30.438Z"}
{"code":"EAUTH","command":"AUTH PLAIN","level":"error","message":"Email send failed Invalid login: 535-5.7.8 Username and Password not accepted. For more information, go to\n535 5.7.8  https://support.google.com/mail/?p=BadCredentials 5b1f17b1804b1-483206b8bbbsm193512295e9.3 - gsmtp","response":"535-5.7.8 Username and Password not accepted. For more information, go to\n535 5.7.8  https://support.google.com/mail/?p=BadCredentials 5b1f17b1804b1-483206b8bbbsm193512295e9.3 - gsmtp","responseCode":535,"stack":"Error: Invalid login: 535-5.7.8 Username and Password not accepted. For more information, go to\n535 5.7.8  https://support.google.com/mail/?p=BadCredentials 5b1f17b1804b1-483206b8bbbsm193512295e9.3 - gsmtp\n    at SMTPConnection._formatError (D:\\eventManagementApp\\concertapp\\backend\\node_modules\\nodemailer\\lib\\smtp-connection\\index.js:814:19)\n    at SMTPConnection._actionAUTHComplete (D:\\eventManagementApp\\concertapp\\backend\\node_modules\\nodemailer\\lib\\smtp-connection\\index.js:1622:34)\n    at SMTPConnection.<anonymous> (D:\\eventManagementApp\\concertapp\\backend\\node_modules\\nodemailer\\lib\\smtp-connection\\index.js:556:26)\n    at SMTPConnection._processResponse (D:\\eventManagementApp\\concertapp\\backend\\node_modules\\nodemailer\\lib\\smtp-connection\\index.js:998:20)\n    at SMTPConnection._onData (D:\\eventManagementApp\\concertapp\\backend\\node_modules\\nodemailer\\lib\\smtp-connection\\index.js:774:14)\n    at SMTPConnection._onSocketData (D:\\eventManagementApp\\concertapp\\backend\\node_modules\\nodemailer\\lib\\smtp-connection\\index.js:195:44)\n    at TLSSocket.emit (node:events:519:28)\n    at addChunk (node:internal/streams/readable:561:12)\n    at readableAddChunkPushByteMode (node:internal/streams/readable:512:3)\n    at Readable.push (node:internal/streams/readable:392:5)","timestamp":"2026-02-07T13:57:31.371Z"}
{"body":{"email":"moosakhan033233@gmail.com","name":"Moosa Khan ","password":"101326Ez"},"level":"error","message":"Sign Up Error Invalid login: 535-5.7.8 Username and Password not accepted. For more information, go to\n535 5.7.8  https://support.google.com/mail/?p=BadCredentials 5b1f17b1804b1-483206b8bbbsm193512295e9.3 - gsmtp","stack":"Error: Invalid login: 535-5.7.8 Username and Password not accepted. For more information, go to\n535 5.7.8  https://support.google.com/mail/?p=BadCredentials 5b1f17b1804b1-483206b8bbbsm193512295e9.3 - gsmtp\n    at SMTPConnection._formatError (D:\\eventManagementApp\\concertapp\\backend\\node_modules\\nodemailer\\lib\\smtp-connection\\index.js:814:19)\n    at SMTPConnection._actionAUTHComplete (D:\\eventManagementApp\\concertapp\\backend\\node_modules\\nodemailer\\lib\\smtp-connection\\index.js:1622:34)\n    at SMTPConnection.<anonymous> (D:\\eventManagementApp\\concertapp\\backend\\node_modules\\nodemailer\\lib\\smtp-connection\\index.js:556:26)\n    at SMTPConnection._processResponse (D:\\eventManagementApp\\concertapp\\backend\\node_modules\\nodemailer\\lib\\smtp-connection\\index.js:998:20)\n    at SMTPConnection._onData (D:\\eventManagementApp\\concertapp\\backend\\node_modules\\nodemailer\\lib\\smtp-connection\\index.js:774:14)\n    at SMTPConnection._onSocketData (D:\\eventManagementApp\\concertapp\\backend\\node_modules\\nodemailer\\lib\\smtp-connection\\index.js:195:44)\n    at TLSSocket.emit (node:events:519:28)\n    at addChunk (node:internal/streams/readable:561:12)\n    at readableAddChunkPushByteMode (node:internal/streams/readable:512:3)\n    at Readable.push (node:internal/streams/readable:392:5)","timestamp":"2026-02-07T13:57:31.372Z"}
{"level":"info","message":"Server running on port 3000","timestamp":"2026-02-07T13:58:00.890Z"}
{"level":"info","message":"Server running on port 3000","timestamp":"2026-02-07T13:58:50.394Z"}
{"code":"EAUTH","command":"AUTH PLAIN","level":"error","message":"Email send failed Invalid login: 535-5.7.8 Username and Password not accepted. For more information, go to\n535 5.7.8  https://support.google.com/mail/?p=BadCredentials a640c23a62f3a-b8edae39441sm175005166b.59 - gsmtp","response":"535-5.7.8 Username and Password not accepted. For more information, go to\n535 5.7.8  https://support.google.com/mail/?p=BadCredentials a640c23a62f3a-b8edae39441sm175005166b.59 - gsmtp","responseCode":535,"stack":"Error: Invalid login: 535-5.7.8 Username and Password not accepted. For more information, go to\n535 5.7.8  https://support.google.com/mail/?p=BadCredentials a640c23a62f3a-b8edae39441sm175005166b.59 - gsmtp\n    at SMTPConnection._formatError (D:\\eventManagementApp\\concertapp\\backend\\node_modules\\nodemailer\\lib\\smtp-connection\\index.js:814:19)\n    at SMTPConnection._actionAUTHComplete (D:\\eventManagementApp\\concertapp\\backend\\node_modules\\nodemailer\\lib\\smtp-connection\\index.js:1622:34)\n    at SMTPConnection.<anonymous> (D:\\eventManagementApp\\concertapp\\backend\\node_modules\\nodemailer\\lib\\smtp-connection\\index.js:556:26)\n    at SMTPConnection._processResponse (D:\\eventManagementApp\\concertapp\\backend\\node_modules\\nodemailer\\lib\\smtp-connection\\index.js:998:20)\n    at SMTPConnection._onData (D:\\eventManagementApp\\concertapp\\backend\\node_modules\\nodemailer\\lib\\smtp-connection\\index.js:774:14)\n    at SMTPConnection._onSocketData (D:\\eventManagementApp\\concertapp\\backend\\node_modules\\nodemailer\\lib\\smtp-connection\\index.js:195:44)\n    at TLSSocket.emit (node:events:519:28)\n    at addChunk (node:internal/streams/readable:561:12)\n    at readableAddChunkPushByteMode (node:internal/streams/readable:512:3)\n    at Readable.push (node:internal/streams/readable:392:5)","timestamp":"2026-02-07T13:59:10.884Z"}
{"err":{"code":"EAUTH","command":"AUTH PLAIN","response":"535-5.7.8 Username and Password not accepted. For more information, go to\n535 5.7.8  https://support.google.com/mail/?p=BadCredentials a640c23a62f3a-b8edae39441sm175005166b.59 - gsmtp","responseCode":535},"level":"error","message":"Email send failed, continuing without sending OTP","timestamp":"2026-02-07T13:59:10.887Z","to":"moosakhan033233@gmail.com"}
{"level":"info","message":"DEV OTP","otp":"809140","timestamp":"2026-02-07T13:59:10.891Z","to":"moosakhan033233@gmail.com"}
{"email":"moosakhan033233@gmail.com","level":"info","message":"SignUp success","timestamp":"2026-02-07T13:59:10.895Z"}
{"body":{"email":"moosakhan033233@gmail.com","otp":"809140"},"level":"error","message":"OTP verify Up Error Invalid OTP","stack":"Error: Invalid OTP\n    at verifyOTP (D:\\eventManagementApp\\concertapp\\backend\\src\\services\\authServices.js:91:34)\n    at verifyOTPCtrl (D:\\eventManagementApp\\concertapp\\backend\\src\\controllers\\authController.js:21:30)\n    at Layer.handleRequest (D:\\eventManagementApp\\concertapp\\backend\\node_modules\\router\\lib\\layer.js:152:17)\n    at next (D:\\eventManagementApp\\concertapp\\backend\\node_modules\\router\\lib\\route.js:157:13)\n    at D:\\eventManagementApp\\concertapp\\backend\\src\\middlewares\\validation.js:6:5\n    at Layer.handleRequest (D:\\eventManagementApp\\concertapp\\backend\\node_modules\\router\\lib\\layer.js:152:17)\n    at next (D:\\eventManagementApp\\concertapp\\backend\\node_modules\\router\\lib\\route.js:157:13)\n    at D:\\eventManagementApp\\concertapp\\backend\\node_modules\\express-rate-limit\\dist\\index.cjs:942:7\n    at process.processTicksAndRejections (node:internal/process/task_queues:105:5)\n    at async D:\\eventManagementApp\\concertapp\\backend\\node_modules\\express-rate-limit\\dist\\index.cjs:825:5","timestamp":"2026-02-07T14:05:19.259Z"}
{"body":{"email":"moosakhan033233@gmail.com","otp":"809140"},"level":"error","message":"OTP verify Up Error Invalid OTP","stack":"Error: Invalid OTP\n    at verifyOTP (D:\\eventManagementApp\\concertapp\\backend\\src\\services\\authServices.js:91:34)\n    at verifyOTPCtrl (D:\\eventManagementApp\\concertapp\\backend\\src\\controllers\\authController.js:21:30)\n    at Layer.handleRequest (D:\\eventManagementApp\\concertapp\\backend\\node_modules\\router\\lib\\layer.js:152:17)\n    at next (D:\\eventManagementApp\\concertapp\\backend\\node_modules\\router\\lib\\route.js:157:13)\n    at D:\\eventManagementApp\\concertapp\\backend\\src\\middlewares\\validation.js:6:5\n    at Layer.handleRequest (D:\\eventManagementApp\\concertapp\\backend\\node_modules\\router\\lib\\layer.js:152:17)\n    at next (D:\\eventManagementApp\\concertapp\\backend\\node_modules\\router\\lib\\route.js:157:13)\n    at D:\\eventManagementApp\\concertapp\\backend\\node_modules\\express-rate-limit\\dist\\index.cjs:942:7\n    at process.processTicksAndRejections (node:internal/process/task_queues:105:5)\n    at async D:\\eventManagementApp\\concertapp\\backend\\node_modules\\express-rate-limit\\dist\\index.cjs:825:5","timestamp":"2026-02-07T14:05:28.710Z"}
{"body":{"email":"moosakhan033233@gmail.com","otp":"809140"},"level":"error","message":"OTP verify Up Error Invalid OTP","stack":"Error: Invalid OTP\n    at verifyOTP (D:\\eventManagementApp\\concertapp\\backend\\src\\services\\authServices.js:91:34)\n    at verifyOTPCtrl (D:\\eventManagementApp\\concertapp\\backend\\src\\controllers\\authController.js:21:30)\n    at Layer.handleRequest (D:\\eventManagementApp\\concertapp\\backend\\node_modules\\router\\lib\\layer.js:152:17)\n    at next (D:\\eventManagementApp\\concertapp\\backend\\node_modules\\router\\lib\\route.js:157:13)\n    at D:\\eventManagementApp\\concertapp\\backend\\src\\middlewares\\validation.js:6:5\n    at Layer.handleRequest (D:\\eventManagementApp\\concertapp\\backend\\node_modules\\router\\lib\\layer.js:152:17)\n    at next (D:\\eventManagementApp\\concertapp\\backend\\node_modules\\router\\lib\\route.js:157:13)\n    at D:\\eventManagementApp\\concertapp\\backend\\node_modules\\express-rate-limit\\dist\\index.cjs:942:7\n    at process.processTicksAndRejections (node:internal/process/task_queues:105:5)\n    at async D:\\eventManagementApp\\concertapp\\backend\\node_modules\\express-rate-limit\\dist\\index.cjs:825:5","timestamp":"2026-02-07T14:05:37.056Z"}
{"body":{"email":"moosakhan033233@gmail.com","otp":"809140"},"level":"error","message":"OTP verify Up Error Invalid OTP","stack":"Error: Invalid OTP\n    at verifyOTP (D:\\eventManagementApp\\concertapp\\backend\\src\\services\\authServices.js:91:34)\n    at verifyOTPCtrl (D:\\eventManagementApp\\concertapp\\backend\\src\\controllers\\authController.js:21:30)\n    at Layer.handleRequest (D:\\eventManagementApp\\concertapp\\backend\\node_modules\\router\\lib\\layer.js:152:17)\n    at next (D:\\eventManagementApp\\concertapp\\backend\\node_modules\\router\\lib\\route.js:157:13)\n    at D:\\eventManagementApp\\concertapp\\backend\\src\\middlewares\\validation.js:6:5\n    at Layer.handleRequest (D:\\eventManagementApp\\concertapp\\backend\\node_modules\\router\\lib\\layer.js:152:17)\n    at next (D:\\eventManagementApp\\concertapp\\backend\\node_modules\\router\\lib\\route.js:157:13)\n    at D:\\eventManagementApp\\concertapp\\backend\\node_modules\\express-rate-limit\\dist\\index.cjs:942:7\n    at process.processTicksAndRejections (node:internal/process/task_queues:105:5)\n    at async D:\\eventManagementApp\\concertapp\\backend\\node_modules\\express-rate-limit\\dist\\index.cjs:825:5","timestamp":"2026-02-07T14:05:38.886Z"}
{"body":{"email":"moosakhan033233@gmail.com","otp":"809140"},"level":"error","message":"OTP verify Up Error Invalid OTP","stack":"Error: Invalid OTP\n    at verifyOTP (D:\\eventManagementApp\\concertapp\\backend\\src\\services\\authServices.js:91:34)\n    at verifyOTPCtrl (D:\\eventManagementApp\\concertapp\\backend\\src\\controllers\\authController.js:21:30)\n    at Layer.handleRequest (D:\\eventManagementApp\\concertapp\\backend\\node_modules\\router\\lib\\layer.js:152:17)\n    at next (D:\\eventManagementApp\\concertapp\\backend\\node_modules\\router\\lib\\route.js:157:13)\n    at D:\\eventManagementApp\\concertapp\\backend\\src\\middlewares\\validation.js:6:5\n    at Layer.handleRequest (D:\\eventManagementApp\\concertapp\\backend\\node_modules\\router\\lib\\layer.js:152:17)\n    at next (D:\\eventManagementApp\\concertapp\\backend\\node_modules\\router\\lib\\route.js:157:13)\n    at D:\\eventManagementApp\\concertapp\\backend\\node_modules\\express-rate-limit\\dist\\index.cjs:942:7\n    at process.processTicksAndRejections (node:internal/process/task_queues:105:5)\n    at async D:\\eventManagementApp\\concertapp\\backend\\node_modules\\express-rate-limit\\dist\\index.cjs:825:5","timestamp":"2026-02-07T14:05:40.129Z"}
{"body":{"email":"moosakhan033233@gmail.com","otp":"809140"},"level":"error","message":"OTP verify Up Error Invalid OTP","stack":"Error: Invalid OTP\n    at verifyOTP (D:\\eventManagementApp\\concertapp\\backend\\src\\services\\authServices.js:91:34)\n    at verifyOTPCtrl (D:\\eventManagementApp\\concertapp\\backend\\src\\controllers\\authController.js:21:30)\n    at Layer.handleRequest (D:\\eventManagementApp\\concertapp\\backend\\node_modules\\router\\lib\\layer.js:152:17)\n    at next (D:\\eventManagementApp\\concertapp\\backend\\node_modules\\router\\lib\\route.js:157:13)\n    at D:\\eventManagementApp\\concertapp\\backend\\src\\middlewares\\validation.js:6:5\n    at Layer.handleRequest (D:\\eventManagementApp\\concertapp\\backend\\node_modules\\router\\lib\\layer.js:152:17)\n    at next (D:\\eventManagementApp\\concertapp\\backend\\node_modules\\router\\lib\\route.js:157:13)\n    at D:\\eventManagementApp\\concertapp\\backend\\node_modules\\express-rate-limit\\dist\\index.cjs:942:7\n    at process.processTicksAndRejections (node:internal/process/task_queues:105:5)\n    at async D:\\eventManagementApp\\concertapp\\backend\\node_modules\\express-rate-limit\\dist\\index.cjs:825:5","timestamp":"2026-02-07T14:05:41.259Z"}
{"body":{"email":"moosakhan033233@gmail.com","otp":"809140"},"level":"error","message":"OTP verify Up Error Invalid OTP","stack":"Error: Invalid OTP\n    at verifyOTP (D:\\eventManagementApp\\concertapp\\backend\\src\\services\\authServices.js:91:34)\n    at verifyOTPCtrl (D:\\eventManagementApp\\concertapp\\backend\\src\\controllers\\authController.js:21:30)\n    at Layer.handleRequest (D:\\eventManagementApp\\concertapp\\backend\\node_modules\\router\\lib\\layer.js:152:17)\n    at next (D:\\eventManagementApp\\concertapp\\backend\\node_modules\\router\\lib\\route.js:157:13)\n    at D:\\eventManagementApp\\concertapp\\backend\\src\\middlewares\\validation.js:6:5\n    at Layer.handleRequest (D:\\eventManagementApp\\concertapp\\backend\\node_modules\\router\\lib\\layer.js:152:17)\n    at next (D:\\eventManagementApp\\concertapp\\backend\\node_modules\\router\\lib\\route.js:157:13)\n    at D:\\eventManagementApp\\concertapp\\backend\\node_modules\\express-rate-limit\\dist\\index.cjs:942:7\n    at process.processTicksAndRejections (node:internal/process/task_queues:105:5)\n    at async D:\\eventManagementApp\\concertapp\\backend\\node_modules\\express-rate-limit\\dist\\index.cjs:825:5","timestamp":"2026-02-07T14:05:42.315Z"}
{"body":{"email":"moosakhan033233@gmail.com","otp":"809140"},"level":"error","message":"OTP verify Up Error Invalid OTP","stack":"Error: Invalid OTP\n    at verifyOTP (D:\\eventManagementApp\\concertapp\\backend\\src\\services\\authServices.js:91:34)\n    at verifyOTPCtrl (D:\\eventManagementApp\\concertapp\\backend\\src\\controllers\\authController.js:21:30)\n    at Layer.handleRequest (D:\\eventManagementApp\\concertapp\\backend\\node_modules\\router\\lib\\layer.js:152:17)\n    at next (D:\\eventManagementApp\\concertapp\\backend\\node_modules\\router\\lib\\route.js:157:13)\n    at D:\\eventManagementApp\\concertapp\\backend\\src\\middlewares\\validation.js:6:5\n    at Layer.handleRequest (D:\\eventManagementApp\\concertapp\\backend\\node_modules\\router\\lib\\layer.js:152:17)\n    at next (D:\\eventManagementApp\\concertapp\\backend\\node_modules\\router\\lib\\route.js:157:13)\n    at D:\\eventManagementApp\\concertapp\\backend\\node_modules\\express-rate-limit\\dist\\index.cjs:942:7\n    at process.processTicksAndRejections (node:internal/process/task_queues:105:5)\n    at async D:\\eventManagementApp\\concertapp\\backend\\node_modules\\express-rate-limit\\dist\\index.cjs:825:5","timestamp":"2026-02-07T14:05:45.626Z"}
{"code":"EAUTH","command":"AUTH PLAIN","level":"error","message":"Email send failed Invalid login: 535-5.7.8 Username and Password not accepted. For more information, go to\n535 5.7.8  https://support.google.com/mail/?p=BadCredentials ffacd0b85a97d-4362972fa41sm13786043f8f.23 - gsmtp","response":"535-5.7.8 Username and Password not accepted. For more information, go to\n535 5.7.8  https://support.google.com/mail/?p=BadCredentials ffacd0b85a97d-4362972fa41sm13786043f8f.23 - gsmtp","responseCode":535,"stack":"Error: Invalid login: 535-5.7.8 Username and Password not accepted. For more information, go to\n535 5.7.8  https://support.google.com/mail/?p=BadCredentials ffacd0b85a97d-4362972fa41sm13786043f8f.23 - gsmtp\n    at SMTPConnection._formatError (D:\\eventManagementApp\\concertapp\\backend\\node_modules\\nodemailer\\lib\\smtp-connection\\index.js:814:19)\n    at SMTPConnection._actionAUTHComplete (D:\\eventManagementApp\\concertapp\\backend\\node_modules\\nodemailer\\lib\\smtp-connection\\index.js:1622:34)\n    at SMTPConnection.<anonymous> (D:\\eventManagementApp\\concertapp\\backend\\node_modules\\nodemailer\\lib\\smtp-connection\\index.js:556:26)\n    at SMTPConnection._processResponse (D:\\eventManagementApp\\concertapp\\backend\\node_modules\\nodemailer\\lib\\smtp-connection\\index.js:998:20)\n    at SMTPConnection._onData (D:\\eventManagementApp\\concertapp\\backend\\node_modules\\nodemailer\\lib\\smtp-connection\\index.js:774:14)\n    at SMTPConnection._onSocketData (D:\\eventManagementApp\\concertapp\\backend\\node_modules\\nodemailer\\lib\\smtp-connection\\index.js:195:44)\n    at TLSSocket.emit (node:events:519:28)\n    at addChunk (node:internal/streams/readable:561:12)\n    at readableAddChunkPushByteMode (node:internal/streams/readable:512:3)\n    at Readable.push (node:internal/streams/readable:392:5)","timestamp":"2026-02-07T14:05:51.629Z"}
{"err":{"code":"EAUTH","command":"AUTH PLAIN","response":"535-5.7.8 Username and Password not accepted. For more information, go to\n535 5.7.8  https://support.google.com/mail/?p=BadCredentials ffacd0b85a97d-4362972fa41sm13786043f8f.23 - gsmtp","responseCode":535},"level":"error","message":"Email send failed, continuing without sending OTP","timestamp":"2026-02-07T14:05:51.630Z","to":"moosakhan033233@gmail.com"}
{"level":"info","message":"DEV OTP","otp":"966110","timestamp":"2026-02-07T14:05:51.631Z","to":"moosakhan033233@gmail.com"}
{"email":"moosakhan033233@gmail.com","level":"info","message":"SignUp success","timestamp":"2026-02-07T14:05:51.633Z"}
{"body":{"email":"moosakhan033233@gmail.com","otp":"966110"},"level":"error","message":"OTP verify Up Error secretOrPrivateKey must have a value","stack":"Error: secretOrPrivateKey must have a value\n    at module.exports [as sign] (D:\\eventManagementApp\\concertapp\\backend\\node_modules\\jsonwebtoken\\sign.js:111:20)\n    at generateAccessToken (D:\\eventManagementApp\\concertapp\\backend\\src\\utils\\jwt.js:4:16)\n    at verifyOTP (D:\\eventManagementApp\\concertapp\\backend\\src\\services\\authServices.js:96:25)\n    at async verifyOTPCtrl (D:\\eventManagementApp\\concertapp\\backend\\src\\controllers\\authController.js:21:24)","timestamp":"2026-02-07T14:06:25.624Z"}
{"code":"EAUTH","command":"AUTH PLAIN","level":"error","message":"Email send failed Invalid login: 535-5.7.8 Username and Password not accepted. For more information, go to\n535 5.7.8  https://support.google.com/mail/?p=BadCredentials 5b1f17b1804b1-48317d835f0sm194212995e9.14 - gsmtp","response":"535-5.7.8 Username and Password not accepted. For more information, go to\n535 5.7.8  https://support.google.com/mail/?p=BadCredentials 5b1f17b1804b1-48317d835f0sm194212995e9.14 - gsmtp","responseCode":535,"stack":"Error: Invalid login: 535-5.7.8 Username and Password not accepted. For more information, go to\n535 5.7.8  https://support.google.com/mail/?p=BadCredentials 5b1f17b1804b1-48317d835f0sm194212995e9.14 - gsmtp\n    at SMTPConnection._formatError (D:\\eventManagementApp\\concertapp\\backend\\node_modules\\nodemailer\\lib\\smtp-connection\\index.js:814:19)\n    at SMTPConnection._actionAUTHComplete (D:\\eventManagementApp\\concertapp\\backend\\node_modules\\nodemailer\\lib\\smtp-connection\\index.js:1622:34)\n    at SMTPConnection.<anonymous> (D:\\eventManagementApp\\concertapp\\backend\\node_modules\\nodemailer\\lib\\smtp-connection\\index.js:556:26)\n    at SMTPConnection._processResponse (D:\\eventManagementApp\\concertapp\\backend\\node_modules\\nodemailer\\lib\\smtp-connection\\index.js:998:20)\n    at SMTPConnection._onData (D:\\eventManagementApp\\concertapp\\backend\\node_modules\\nodemailer\\lib\\smtp-connection\\index.js:774:14)\n    at SMTPConnection._onSocketData (D:\\eventManagementApp\\concertapp\\backend\\node_modules\\nodemailer\\lib\\smtp-connection\\index.js:195:44)\n    at TLSSocket.emit (node:events:519:28)\n    at addChunk (node:internal/streams/readable:561:12)\n    at readableAddChunkPushByteMode (node:internal/streams/readable:512:3)\n    at Readable.push (node:internal/streams/readable:392:5)","timestamp":"2026-02-07T14:06:46.072Z"}
{"err":{"code":"EAUTH","command":"AUTH PLAIN","response":"535-5.7.8 Username and Password not accepted. For more information, go to\n535 5.7.8  https://support.google.com/mail/?p=BadCredentials 5b1f17b1804b1-48317d835f0sm194212995e9.14 - gsmtp","responseCode":535},"level":"error","message":"Email send failed, continuing without sending OTP","timestamp":"2026-02-07T14:06:46.073Z","to":"moosakhan033233@gmail.com"}
{"level":"info","message":"DEV OTP","otp":"524860","timestamp":"2026-02-07T14:06:46.074Z","to":"moosakhan033233@gmail.com"}
{"email":"moosakhan033233@gmail.com","level":"info","message":"SignUp success","timestamp":"2026-02-07T14:06:46.075Z"}
{"body":{"email":"moosakhan033233@gmail.com","otp":"524860"},"level":"error","message":"OTP verify Up Error secretOrPrivateKey must have a value","stack":"Error: secretOrPrivateKey must have a value\n    at module.exports [as sign] (D:\\eventManagementApp\\concertapp\\backend\\node_modules\\jsonwebtoken\\sign.js:111:20)\n    at generateAccessToken (D:\\eventManagementApp\\concertapp\\backend\\src\\utils\\jwt.js:4:16)\n    at verifyOTP (D:\\eventManagementApp\\concertapp\\backend\\src\\services\\authServices.js:96:25)\n    at async verifyOTPCtrl (D:\\eventManagementApp\\concertapp\\backend\\src\\controllers\\authController.js:21:24)","timestamp":"2026-02-07T14:07:15.339Z"}
{"body":{"email":"moosakhan033233@gmail.com","otp":"524860"},"level":"error","message":"OTP verify Up Error secretOrPrivateKey must have a value","stack":"Error: secretOrPrivateKey must have a value\n    at module.exports [as sign] (D:\\eventManagementApp\\concertapp\\backend\\node_modules\\jsonwebtoken\\sign.js:111:20)\n    at generateAccessToken (D:\\eventManagementApp\\concertapp\\backend\\src\\utils\\jwt.js:4:16)\n    at verifyOTP (D:\\eventManagementApp\\concertapp\\backend\\src\\services\\authServices.js:96:25)\n    at async verifyOTPCtrl (D:\\eventManagementApp\\concertapp\\backend\\src\\controllers\\authController.js:21:24)","timestamp":"2026-02-07T14:07:16.258Z"}
{"body":{"email":"moosakhan033233@gmail.com","otp":"524860"},"level":"error","message":"OTP verify Up Error secretOrPrivateKey must have a value","stack":"Error: secretOrPrivateKey must have a value\n    at module.exports [as sign] (D:\\eventManagementApp\\concertapp\\backend\\node_modules\\jsonwebtoken\\sign.js:111:20)\n    at generateAccessToken (D:\\eventManagementApp\\concertapp\\backend\\src\\utils\\jwt.js:4:16)\n    at verifyOTP (D:\\eventManagementApp\\concertapp\\backend\\src\\services\\authServices.js:96:25)\n    at async verifyOTPCtrl (D:\\eventManagementApp\\concertapp\\backend\\src\\controllers\\authController.js:21:24)","timestamp":"2026-02-07T14:07:29.441Z"}
{"body":{"email":"moosakhan033233@gmail.com","otp":"524860"},"level":"error","message":"OTP verify Up Error secretOrPrivateKey must have a value","stack":"Error: secretOrPrivateKey must have a value\n    at module.exports [as sign] (D:\\eventManagementApp\\concertapp\\backend\\node_modules\\jsonwebtoken\\sign.js:111:20)\n    at generateAccessToken (D:\\eventManagementApp\\concertapp\\backend\\src\\utils\\jwt.js:4:16)\n    at verifyOTP (D:\\eventManagementApp\\concertapp\\backend\\src\\services\\authServices.js:96:25)\n    at async verifyOTPCtrl (D:\\eventManagementApp\\concertapp\\backend\\src\\controllers\\authController.js:21:24)","timestamp":"2026-02-07T14:07:51.223Z"}
{"body":{"email":"moosakhan033233@gmail.com","otp":"524860"},"level":"error","message":"OTP verify Up Error secretOrPrivateKey must have a value","stack":"Error: secretOrPrivateKey must have a value\n    at module.exports [as sign] (D:\\eventManagementApp\\concertapp\\backend\\node_modules\\jsonwebtoken\\sign.js:111:20)\n    at generateAccessToken (D:\\eventManagementApp\\concertapp\\backend\\src\\utils\\jwt.js:4:16)\n    at verifyOTP (D:\\eventManagementApp\\concertapp\\backend\\src\\services\\authServices.js:96:25)\n    at async verifyOTPCtrl (D:\\eventManagementApp\\concertapp\\backend\\src\\controllers\\authController.js:21:24)","timestamp":"2026-02-07T14:07:51.911Z"}
{"body":{"email":"moosakhan033233@gmail.com","otp":"524860"},"level":"error","message":"OTP verify Up Error secretOrPrivateKey must have a value","stack":"Error: secretOrPrivateKey must have a value\n    at module.exports [as sign] (D:\\eventManagementApp\\concertapp\\backend\\node_modules\\jsonwebtoken\\sign.js:111:20)\n    at generateAccessToken (D:\\eventManagementApp\\concertapp\\backend\\src\\utils\\jwt.js:4:16)\n    at verifyOTP (D:\\eventManagementApp\\concertapp\\backend\\src\\services\\authServices.js:96:25)\n    at async verifyOTPCtrl (D:\\eventManagementApp\\concertapp\\backend\\src\\controllers\\authController.js:21:24)","timestamp":"2026-02-07T14:07:52.724Z"}
{"body":{"email":"moosakhan033233@gmail.com","otp":"524860"},"level":"error","message":"OTP verify Up Error secretOrPrivateKey must have a value","stack":"Error: secretOrPrivateKey must have a value\n    at module.exports [as sign] (D:\\eventManagementApp\\concertapp\\backend\\node_modules\\jsonwebtoken\\sign.js:111:20)\n    at generateAccessToken (D:\\eventManagementApp\\concertapp\\backend\\src\\utils\\jwt.js:4:16)\n    at verifyOTP (D:\\eventManagementApp\\concertapp\\backend\\src\\services\\authServices.js:96:25)\n    at async verifyOTPCtrl (D:\\eventManagementApp\\concertapp\\backend\\src\\controllers\\authController.js:21:24)","timestamp":"2026-02-07T14:10:55.520Z"}
{"body":{"email":"moosakhan033233@gmail.com","otp":"524860"},"level":"error","message":"OTP verify Up Error secretOrPrivateKey must have a value","stack":"Error: secretOrPrivateKey must have a value\n    at module.exports [as sign] (D:\\eventManagementApp\\concertapp\\backend\\node_modules\\jsonwebtoken\\sign.js:111:20)\n    at generateAccessToken (D:\\eventManagementApp\\concertapp\\backend\\src\\utils\\jwt.js:4:16)\n    at verifyOTP (D:\\eventManagementApp\\concertapp\\backend\\src\\services\\authServices.js:96:25)\n    at async verifyOTPCtrl (D:\\eventManagementApp\\concertapp\\backend\\src\\controllers\\authController.js:21:24)","timestamp":"2026-02-07T14:10:55.523Z"}
{"body":{"email":"moosakhan033233@gmail.com","otp":"524860"},"level":"error","message":"OTP verify Up Error secretOrPrivateKey must have a value","stack":"Error: secretOrPrivateKey must have a value\n    at module.exports [as sign] (D:\\eventManagementApp\\concertapp\\backend\\node_modules\\jsonwebtoken\\sign.js:111:20)\n    at generateAccessToken (D:\\eventManagementApp\\concertapp\\backend\\src\\utils\\jwt.js:4:16)\n    at verifyOTP (D:\\eventManagementApp\\concertapp\\backend\\src\\services\\authServices.js:96:25)\n    at async verifyOTPCtrl (D:\\eventManagementApp\\concertapp\\backend\\src\\controllers\\authController.js:21:24)","timestamp":"2026-02-07T14:10:55.808Z"}
{"body":{"email":"moosakhan033233@gmail.com","otp":"524860"},"level":"error","message":"OTP verify Up Error secretOrPrivateKey must have a value","stack":"Error: secretOrPrivateKey must have a value\n    at module.exports [as sign] (D:\\eventManagementApp\\concertapp\\backend\\node_modules\\jsonwebtoken\\sign.js:111:20)\n    at generateAccessToken (D:\\eventManagementApp\\concertapp\\backend\\src\\utils\\jwt.js:4:16)\n    at verifyOTP (D:\\eventManagementApp\\concertapp\\backend\\src\\services\\authServices.js:96:25)\n    at async verifyOTPCtrl (D:\\eventManagementApp\\concertapp\\backend\\src\\controllers\\authController.js:21:24)","timestamp":"2026-02-07T14:10:56.063Z"}
{"body":{"email":"moosakhan033233@gmail.com","otp":"524860"},"level":"error","message":"OTP verify Up Error secretOrPrivateKey must have a value","stack":"Error: secretOrPrivateKey must have a value\n    at module.exports [as sign] (D:\\eventManagementApp\\concertapp\\backend\\node_modules\\jsonwebtoken\\sign.js:111:20)\n    at generateAccessToken (D:\\eventManagementApp\\concertapp\\backend\\src\\utils\\jwt.js:4:16)\n    at verifyOTP (D:\\eventManagementApp\\concertapp\\backend\\src\\services\\authServices.js:96:25)\n    at async verifyOTPCtrl (D:\\eventManagementApp\\concertapp\\backend\\src\\controllers\\authController.js:21:24)","timestamp":"2026-02-07T14:10:56.066Z"}
{"body":{"email":"moosakhan033233@gmail.com","otp":"524860"},"level":"error","message":"OTP verify Up Error secretOrPrivateKey must have a value","stack":"Error: secretOrPrivateKey must have a value\n    at module.exports [as sign] (D:\\eventManagementApp\\concertapp\\backend\\node_modules\\jsonwebtoken\\sign.js:111:20)\n    at generateAccessToken (D:\\eventManagementApp\\concertapp\\backend\\src\\utils\\jwt.js:4:16)\n    at verifyOTP (D:\\eventManagementApp\\concertapp\\backend\\src\\services\\authServices.js:96:25)\n    at async verifyOTPCtrl (D:\\eventManagementApp\\concertapp\\backend\\src\\controllers\\authController.js:21:24)","timestamp":"2026-02-07T14:10:56.212Z"}
{"body":{"email":"moosakhan033233@gmail.com","otp":"524860"},"level":"error","message":"OTP verify Up Error secretOrPrivateKey must have a value","stack":"Error: secretOrPrivateKey must have a value\n    at module.exports [as sign] (D:\\eventManagementApp\\concertapp\\backend\\node_modules\\jsonwebtoken\\sign.js:111:20)\n    at generateAccessToken (D:\\eventManagementApp\\concertapp\\backend\\src\\utils\\jwt.js:4:16)\n    at verifyOTP (D:\\eventManagementApp\\concertapp\\backend\\src\\services\\authServices.js:96:25)\n    at async verifyOTPCtrl (D:\\eventManagementApp\\concertapp\\backend\\src\\controllers\\authController.js:21:24)","timestamp":"2026-02-07T14:10:56.373Z"}
{"body":{"email":"moosakhan033233@gmail.com","otp":"524860"},"level":"error","message":"OTP verify Up Error secretOrPrivateKey must have a value","stack":"Error: secretOrPrivateKey must have a value\n    at module.exports [as sign] (D:\\eventManagementApp\\concertapp\\backend\\node_modules\\jsonwebtoken\\sign.js:111:20)\n    at generateAccessToken (D:\\eventManagementApp\\concertapp\\backend\\src\\utils\\jwt.js:4:16)\n    at verifyOTP (D:\\eventManagementApp\\concertapp\\backend\\src\\services\\authServices.js:96:25)\n    at async verifyOTPCtrl (D:\\eventManagementApp\\concertapp\\backend\\src\\controllers\\authController.js:21:24)","timestamp":"2026-02-07T14:10:56.376Z"}
{"body":{"email":"moosakhan033233@gmail.com","otp":"524860"},"level":"error","message":"OTP verify Up Error secretOrPrivateKey must have a value","stack":"Error: secretOrPrivateKey must have a value\n    at module.exports [as sign] (D:\\eventManagementApp\\concertapp\\backend\\node_modules\\jsonwebtoken\\sign.js:111:20)\n    at generateAccessToken (D:\\eventManagementApp\\concertapp\\backend\\src\\utils\\jwt.js:4:16)\n    at verifyOTP (D:\\eventManagementApp\\concertapp\\backend\\src\\services\\authServices.js:96:25)\n    at async verifyOTPCtrl (D:\\eventManagementApp\\concertapp\\backend\\src\\controllers\\authController.js:21:24)","timestamp":"2026-02-07T14:10:56.475Z"}
{"body":{"email":"moosakhan033233@gmail.com","otp":"524860"},"level":"error","message":"OTP verify Up Error secretOrPrivateKey must have a value","stack":"Error: secretOrPrivateKey must have a value\n    at module.exports [as sign] (D:\\eventManagementApp\\concertapp\\backend\\node_modules\\jsonwebtoken\\sign.js:111:20)\n    at generateAccessToken (D:\\eventManagementApp\\concertapp\\backend\\src\\utils\\jwt.js:4:16)\n    at verifyOTP (D:\\eventManagementApp\\concertapp\\backend\\src\\services\\authServices.js:96:25)\n    at async verifyOTPCtrl (D:\\eventManagementApp\\concertapp\\backend\\src\\controllers\\authController.js:21:24)","timestamp":"2026-02-07T14:10:56.477Z"}
{"body":{"email":"moosakhan033233@gmail.com","otp":"524860"},"level":"error","message":"OTP verify Up Error secretOrPrivateKey must have a value","stack":"Error: secretOrPrivateKey must have a value\n    at module.exports [as sign] (D:\\eventManagementApp\\concertapp\\backend\\node_modules\\jsonwebtoken\\sign.js:111:20)\n    at generateAccessToken (D:\\eventManagementApp\\concertapp\\backend\\src\\utils\\jwt.js:4:16)\n    at verifyOTP (D:\\eventManagementApp\\concertapp\\backend\\src\\services\\authServices.js:96:25)\n    at async verifyOTPCtrl (D:\\eventManagementApp\\concertapp\\backend\\src\\controllers\\authController.js:21:24)","timestamp":"2026-02-07T14:10:56.481Z"}
{"body":{"email":"moosakhan033233@gmail.com","otp":"524860"},"level":"error","message":"OTP verify Up Error secretOrPrivateKey must have a value","stack":"Error: secretOrPrivateKey must have a value\n    at module.exports [as sign] (D:\\eventManagementApp\\concertapp\\backend\\node_modules\\jsonwebtoken\\sign.js:111:20)\n    at generateAccessToken (D:\\eventManagementApp\\concertapp\\backend\\src\\utils\\jwt.js:4:16)\n    at verifyOTP (D:\\eventManagementApp\\concertapp\\backend\\src\\services\\authServices.js:96:25)\n    at async verifyOTPCtrl (D:\\eventManagementApp\\concertapp\\backend\\src\\controllers\\authController.js:21:24)","timestamp":"2026-02-07T14:10:56.749Z"}
{"body":{"email":"moosakhan033233@gmail.com","otp":"524860"},"level":"error","message":"OTP verify Up Error secretOrPrivateKey must have a value","stack":"Error: secretOrPrivateKey must have a value\n    at module.exports [as sign] (D:\\eventManagementApp\\concertapp\\backend\\node_modules\\jsonwebtoken\\sign.js:111:20)\n    at generateAccessToken (D:\\eventManagementApp\\concertapp\\backend\\src\\utils\\jwt.js:4:16)\n    at verifyOTP (D:\\eventManagementApp\\concertapp\\backend\\src\\services\\authServices.js:96:25)\n    at async verifyOTPCtrl (D:\\eventManagementApp\\concertapp\\backend\\src\\controllers\\authController.js:21:24)","timestamp":"2026-02-07T14:10:56.751Z"}
{"body":{"email":"moosakhan033233@gmail.com","otp":"524860"},"level":"error","message":"OTP verify Up Error secretOrPrivateKey must have a value","stack":"Error: secretOrPrivateKey must have a value\n    at module.exports [as sign] (D:\\eventManagementApp\\concertapp\\backend\\node_modules\\jsonwebtoken\\sign.js:111:20)\n    at generateAccessToken (D:\\eventManagementApp\\concertapp\\backend\\src\\utils\\jwt.js:4:16)\n    at verifyOTP (D:\\eventManagementApp\\concertapp\\backend\\src\\services\\authServices.js:96:25)\n    at async verifyOTPCtrl (D:\\eventManagementApp\\concertapp\\backend\\src\\controllers\\authController.js:21:24)","timestamp":"2026-02-07T14:10:56.886Z"}
{"body":{"email":"moosakhan033233@gmail.com","otp":"524860"},"level":"error","message":"OTP verify Up Error secretOrPrivateKey must have a value","stack":"Error: secretOrPrivateKey must have a value\n    at module.exports [as sign] (D:\\eventManagementApp\\concertapp\\backend\\node_modules\\jsonwebtoken\\sign.js:111:20)\n    at generateAccessToken (D:\\eventManagementApp\\concertapp\\backend\\src\\utils\\jwt.js:4:16)\n    at verifyOTP (D:\\eventManagementApp\\concertapp\\backend\\src\\services\\authServices.js:96:25)\n    at async verifyOTPCtrl (D:\\eventManagementApp\\concertapp\\backend\\src\\controllers\\authController.js:21:24)","timestamp":"2026-02-07T14:10:56.891Z"}
{"body":{"email":"moosakhan033233@gmail.com","otp":"524860"},"level":"error","message":"OTP verify Up Error secretOrPrivateKey must have a value","stack":"Error: secretOrPrivateKey must have a value\n    at module.exports [as sign] (D:\\eventManagementApp\\concertapp\\backend\\node_modules\\jsonwebtoken\\sign.js:111:20)\n    at generateAccessToken (D:\\eventManagementApp\\concertapp\\backend\\src\\utils\\jwt.js:4:16)\n    at verifyOTP (D:\\eventManagementApp\\concertapp\\backend\\src\\services\\authServices.js:96:25)\n    at async verifyOTPCtrl (D:\\eventManagementApp\\concertapp\\backend\\src\\controllers\\authController.js:21:24)","timestamp":"2026-02-07T14:10:57.089Z"}
{"body":{"email":"moosakhan033233@gmail.com","otp":"524860"},"level":"error","message":"OTP verify Up Error secretOrPrivateKey must have a value","stack":"Error: secretOrPrivateKey must have a value\n    at module.exports [as sign] (D:\\eventManagementApp\\concertapp\\backend\\node_modules\\jsonwebtoken\\sign.js:111:20)\n    at generateAccessToken (D:\\eventManagementApp\\concertapp\\backend\\src\\utils\\jwt.js:4:16)\n    at verifyOTP (D:\\eventManagementApp\\concertapp\\backend\\src\\services\\authServices.js:96:25)\n    at async verifyOTPCtrl (D:\\eventManagementApp\\concertapp\\backend\\src\\controllers\\authController.js:21:24)","timestamp":"2026-02-07T14:10:57.094Z"}
{"body":{"email":"moosakhan033233@gmail.com","otp":"524860"},"level":"error","message":"OTP verify Up Error secretOrPrivateKey must have a value","stack":"Error: secretOrPrivateKey must have a value\n    at module.exports [as sign] (D:\\eventManagementApp\\concertapp\\backend\\node_modules\\jsonwebtoken\\sign.js:111:20)\n    at generateAccessToken (D:\\eventManagementApp\\concertapp\\backend\\src\\utils\\jwt.js:4:16)\n    at verifyOTP (D:\\eventManagementApp\\concertapp\\backend\\src\\services\\authServices.js:96:25)\n    at async verifyOTPCtrl (D:\\eventManagementApp\\concertapp\\backend\\src\\controllers\\authController.js:21:24)","timestamp":"2026-02-07T14:10:57.096Z"}
{"body":{"email":"moosakhan033233@gmail.com","otp":"524860"},"level":"error","message":"OTP verify Up Error secretOrPrivateKey must have a value","stack":"Error: secretOrPrivateKey must have a value\n    at module.exports [as sign] (D:\\eventManagementApp\\concertapp\\backend\\node_modules\\jsonwebtoken\\sign.js:111:20)\n    at generateAccessToken (D:\\eventManagementApp\\concertapp\\backend\\src\\utils\\jwt.js:4:16)\n    at verifyOTP (D:\\eventManagementApp\\concertapp\\backend\\src\\services\\authServices.js:96:25)\n    at async verifyOTPCtrl (D:\\eventManagementApp\\concertapp\\backend\\src\\controllers\\authController.js:21:24)","timestamp":"2026-02-07T14:10:57.364Z"}
{"body":{"email":"moosakhan033233@gmail.com","otp":"524860"},"level":"error","message":"OTP verify Up Error secretOrPrivateKey must have a value","stack":"Error: secretOrPrivateKey must have a value\n    at module.exports [as sign] (D:\\eventManagementApp\\concertapp\\backend\\node_modules\\jsonwebtoken\\sign.js:111:20)\n    at generateAccessToken (D:\\eventManagementApp\\concertapp\\backend\\src\\utils\\jwt.js:4:16)\n    at verifyOTP (D:\\eventManagementApp\\concertapp\\backend\\src\\services\\authServices.js:96:25)\n    at async verifyOTPCtrl (D:\\eventManagementApp\\concertapp\\backend\\src\\controllers\\authController.js:21:24)","timestamp":"2026-02-07T14:10:57.853Z"}
{"level":"info","message":"Server running on port 3000","timestamp":"2026-02-07T14:11:54.966Z"}
{"body":{"email":"moosakhan033233@gmail.com","otp":"524860"},"level":"error","message":"OTP verify Up Error Invalid OTP","stack":"Error: Invalid OTP\n    at verifyOTP (D:\\eventManagementApp\\concertapp\\backend\\src\\services\\authServices.js:91:34)\n    at verifyOTPCtrl (D:\\eventManagementApp\\concertapp\\backend\\src\\controllers\\authController.js:21:30)\n    at Layer.handleRequest (D:\\eventManagementApp\\concertapp\\backend\\node_modules\\router\\lib\\layer.js:152:17)\n    at next (D:\\eventManagementApp\\concertapp\\backend\\node_modules\\router\\lib\\route.js:157:13)\n    at D:\\eventManagementApp\\concertapp\\backend\\src\\middlewares\\validation.js:6:5\n    at Layer.handleRequest (D:\\eventManagementApp\\concertapp\\backend\\node_modules\\router\\lib\\layer.js:152:17)\n    at next (D:\\eventManagementApp\\concertapp\\backend\\node_modules\\router\\lib\\route.js:157:13)\n    at D:\\eventManagementApp\\concertapp\\backend\\node_modules\\express-rate-limit\\dist\\index.cjs:942:7\n    at process.processTicksAndRejections (node:internal/process/task_queues:105:5)\n    at async D:\\eventManagementApp\\concertapp\\backend\\node_modules\\express-rate-limit\\dist\\index.cjs:825:5","timestamp":"2026-02-07T14:12:21.111Z"}
{"code":"EAUTH","command":"AUTH PLAIN","level":"error","message":"Email send failed Invalid login: 535-5.7.8 Username and Password not accepted. For more information, go to\n535 5.7.8  https://support.google.com/mail/?p=BadCredentials a640c23a62f3a-b8edacb1d4asm175727366b.32 - gsmtp","response":"535-5.7.8 Username and Password not accepted. For more information, go to\n535 5.7.8  https://support.google.com/mail/?p=BadCredentials a640c23a62f3a-b8edacb1d4asm175727366b.32 - gsmtp","responseCode":535,"stack":"Error: Invalid login: 535-5.7.8 Username and Password not accepted. For more information, go to\n535 5.7.8  https://support.google.com/mail/?p=BadCredentials a640c23a62f3a-b8edacb1d4asm175727366b.32 - gsmtp\n    at SMTPConnection._formatError (D:\\eventManagementApp\\concertapp\\backend\\node_modules\\nodemailer\\lib\\smtp-connection\\index.js:814:19)\n    at SMTPConnection._actionAUTHComplete (D:\\eventManagementApp\\concertapp\\backend\\node_modules\\nodemailer\\lib\\smtp-connection\\index.js:1622:34)\n    at SMTPConnection.<anonymous> (D:\\eventManagementApp\\concertapp\\backend\\node_modules\\nodemailer\\lib\\smtp-connection\\index.js:556:26)\n    at SMTPConnection._processResponse (D:\\eventManagementApp\\concertapp\\backend\\node_modules\\nodemailer\\lib\\smtp-connection\\index.js:998:20)\n    at SMTPConnection._onData (D:\\eventManagementApp\\concertapp\\backend\\node_modules\\nodemailer\\lib\\smtp-connection\\index.js:774:14)\n    at SMTPConnection._onSocketData (D:\\eventManagementApp\\concertapp\\backend\\node_modules\\nodemailer\\lib\\smtp-connection\\index.js:195:44)\n    at TLSSocket.emit (node:events:519:28)\n    at addChunk (node:internal/streams/readable:561:12)\n    at readableAddChunkPushByteMode (node:internal/streams/readable:512:3)\n    at Readable.push (node:internal/streams/readable:392:5)","timestamp":"2026-02-07T14:12:38.641Z"}
{"err":{"code":"EAUTH","command":"AUTH PLAIN","response":"535-5.7.8 Username and Password not accepted. For more information, go to\n535 5.7.8  https://support.google.com/mail/?p=BadCredentials a640c23a62f3a-b8edacb1d4asm175727366b.32 - gsmtp","responseCode":535},"level":"error","message":"Email send failed, continuing without sending OTP","timestamp":"2026-02-07T14:12:38.643Z","to":"moosakhan033233@gmail.com"}
{"level":"info","message":"DEV OTP","otp":"956460","timestamp":"2026-02-07T14:12:38.644Z","to":"moosakhan033233@gmail.com"}
{"email":"moosakhan033233@gmail.com","level":"info","message":"SignUp success","timestamp":"2026-02-07T14:12:38.646Z"}
{"code":"EAUTH","command":"AUTH PLAIN","level":"error","message":"Email send failed Invalid login: 535-5.7.8 Username and Password not accepted. For more information, go to\n535 5.7.8  https://support.google.com/mail/?p=BadCredentials 4fb4d7f45d1cf-65983ec70fdsm1289992a12.15 - gsmtp","response":"535-5.7.8 Username and Password not accepted. For more information, go to\n535 5.7.8  https://support.google.com/mail/?p=BadCredentials 4fb4d7f45d1cf-65983ec70fdsm1289992a12.15 - gsmtp","responseCode":535,"stack":"Error: Invalid login: 535-5.7.8 Username and Password not accepted. For more information, go to\n535 5.7.8  https://support.google.com/mail/?p=BadCredentials 4fb4d7f45d1cf-65983ec70fdsm1289992a12.15 - gsmtp\n    at SMTPConnection._formatError (D:\\eventManagementApp\\concertapp\\backend\\node_modules\\nodemailer\\lib\\smtp-connection\\index.js:814:19)\n    at SMTPConnection._actionAUTHComplete (D:\\eventManagementApp\\concertapp\\backend\\node_modules\\nodemailer\\lib\\smtp-connection\\index.js:1622:34)\n    at SMTPConnection.<anonymous> (D:\\eventManagementApp\\concertapp\\backend\\node_modules\\nodemailer\\lib\\smtp-connection\\index.js:556:26)\n    at SMTPConnection._processResponse (D:\\eventManagementApp\\concertapp\\backend\\node_modules\\nodemailer\\lib\\smtp-connection\\index.js:998:20)\n    at SMTPConnection._onData (D:\\eventManagementApp\\concertapp\\backend\\node_modules\\nodemailer\\lib\\smtp-connection\\index.js:774:14)\n    at SMTPConnection._onSocketData (D:\\eventManagementApp\\concertapp\\backend\\node_modules\\nodemailer\\lib\\smtp-connection\\index.js:195:44)\n    at TLSSocket.emit (node:events:519:28)\n    at addChunk (node:internal/streams/readable:561:12)\n    at readableAddChunkPushByteMode (node:internal/streams/readable:512:3)\n    at Readable.push (node:internal/streams/readable:392:5)","timestamp":"2026-02-07T14:12:38.651Z"}
{"err":{"code":"EAUTH","command":"AUTH PLAIN","response":"535-5.7.8 Username and Password not accepted. For more information, go to\n535 5.7.8  https://support.google.com/mail/?p=BadCredentials 4fb4d7f45d1cf-65983ec70fdsm1289992a12.15 - gsmtp","responseCode":535},"level":"error","message":"Email send failed, continuing without sending OTP","timestamp":"2026-02-07T14:12:38.652Z","to":"moosakhan033233@gmail.com"}
{"level":"info","message":"DEV OTP","otp":"625514","timestamp":"2026-02-07T14:12:38.653Z","to":"moosakhan033233@gmail.com"}
{"email":"moosakhan033233@gmail.com","level":"info","message":"SignUp success","timestamp":"2026-02-07T14:12:38.656Z"}
{"code":"EAUTH","command":"AUTH PLAIN","level":"error","message":"Email send failed Invalid login: 535-5.7.8 Username and Password not accepted. For more information, go to\n535 5.7.8  https://support.google.com/mail/?p=BadCredentials a640c23a62f3a-b8eda7c310bsm178247166b.26 - gsmtp","response":"535-5.7.8 Username and Password not accepted. For more information, go to\n535 5.7.8  https://support.google.com/mail/?p=BadCredentials a640c23a62f3a-b8eda7c310bsm178247166b.26 - gsmtp","responseCode":535,"stack":"Error: Invalid login: 535-5.7.8 Username and Password not accepted. For more information, go to\n535 5.7.8  https://support.google.com/mail/?p=BadCredentials a640c23a62f3a-b8eda7c310bsm178247166b.26 - gsmtp\n    at SMTPConnection._formatError (D:\\eventManagementApp\\concertapp\\backend\\node_modules\\nodemailer\\lib\\smtp-connection\\index.js:814:19)\n    at SMTPConnection._actionAUTHComplete (D:\\eventManagementApp\\concertapp\\backend\\node_modules\\nodemailer\\lib\\smtp-connection\\index.js:1622:34)\n    at SMTPConnection.<anonymous> (D:\\eventManagementApp\\concertapp\\backend\\node_modules\\nodemailer\\lib\\smtp-connection\\index.js:556:26)\n    at SMTPConnection._processResponse (D:\\eventManagementApp\\concertapp\\backend\\node_modules\\nodemailer\\lib\\smtp-connection\\index.js:998:20)\n    at SMTPConnection._onData (D:\\eventManagementApp\\concertapp\\backend\\node_modules\\nodemailer\\lib\\smtp-connection\\index.js:774:14)\n    at SMTPConnection._onSocketData (D:\\eventManagementApp\\concertapp\\backend\\node_modules\\nodemailer\\lib\\smtp-connection\\index.js:195:44)\n    at TLSSocket.emit (node:events:519:28)\n    at addChunk (node:internal/streams/readable:561:12)\n    at readableAddChunkPushByteMode (node:internal/streams/readable:512:3)\n    at Readable.push (node:internal/streams/readable:392:5)","timestamp":"2026-02-07T14:13:36.141Z"}
{"err":{"code":"EAUTH","command":"AUTH PLAIN","response":"535-5.7.8 Username and Password not accepted. For more information, go to\n535 5.7.8  https://support.google.com/mail/?p=BadCredentials a640c23a62f3a-b8eda7c310bsm178247166b.26 - gsmtp","responseCode":535},"level":"error","message":"Email send failed, continuing without sending OTP","timestamp":"2026-02-07T14:13:36.142Z","to":"moosakhan033233@gmail.com"}
{"level":"info","message":"DEV OTP","otp":"030833","timestamp":"2026-02-07T14:13:36.143Z","to":"moosakhan033233@gmail.com"}
{"email":"moosakhan033233@gmail.com","level":"info","message":"SignUp success","timestamp":"2026-02-07T14:13:36.144Z"}
{"body":{"email":"moosakhan033233@gmail.com","otp":"030833"},"level":"error","message":"OTP verify Up Error ACCESS_SECRET (or JWT_SECRET) is not set","stack":"Error: ACCESS_SECRET (or JWT_SECRET) is not set\n    at generateAccessToken (D:\\eventManagementApp\\concertapp\\backend\\src\\utils\\jwt.js:5:24)\n    at verifyOTP (D:\\eventManagementApp\\concertapp\\backend\\src\\services\\authServices.js:96:25)\n    at async verifyOTPCtrl (D:\\eventManagementApp\\concertapp\\backend\\src\\controllers\\authController.js:21:24)","timestamp":"2026-02-07T14:13:49.998Z"}
{"body":{"email":"moosakhan033233@gmail.com","otp":"030833"},"level":"error","message":"OTP verify Up Error ACCESS_SECRET (or JWT_SECRET) is not set","stack":"Error: ACCESS_SECRET (or JWT_SECRET) is not set\n    at generateAccessToken (D:\\eventManagementApp\\concertapp\\backend\\src\\utils\\jwt.js:5:24)\n    at verifyOTP (D:\\eventManagementApp\\concertapp\\backend\\src\\services\\authServices.js:96:25)\n    at async verifyOTPCtrl (D:\\eventManagementApp\\concertapp\\backend\\src\\controllers\\authController.js:21:24)","timestamp":"2026-02-07T14:14:00.141Z"}
{"body":{"email":"moosakhan033233@gmail.com","otp":"030833"},"level":"error","message":"OTP verify Up Error ACCESS_SECRET (or JWT_SECRET) is not set","stack":"Error: ACCESS_SECRET (or JWT_SECRET) is not set\n    at generateAccessToken (D:\\eventManagementApp\\concertapp\\backend\\src\\utils\\jwt.js:5:24)\n    at verifyOTP (D:\\eventManagementApp\\concertapp\\backend\\src\\services\\authServices.js:96:25)\n    at async verifyOTPCtrl (D:\\eventManagementApp\\concertapp\\backend\\src\\controllers\\authController.js:21:24)","timestamp":"2026-02-07T14:14:07.429Z"}
{"level":"info","message":"Server running on port 3000","timestamp":"2026-02-07T14:15:35.230Z"}
{"level":"info","message":"Server running on port 3000","timestamp":"2026-02-07T14:15:57.388Z"}
{"level":"info","message":"Server running on port 3000","timestamp":"2026-02-07T14:16:27.691Z"}
{"level":"info","message":"Server running on port 3000","timestamp":"2026-02-07T14:16:43.992Z"}
{"level":"info","message":"Server running on port 3000","timestamp":"2026-02-07T14:16:45.598Z"}
{"level":"info","message":"Server running on port 3000","timestamp":"2026-02-07T14:16:47.272Z"}
{"level":"info","message":"Server running on port 3000","timestamp":"2026-02-07T14:16:49.765Z"}
{"level":"info","message":"Server running on port 3000","timestamp":"2026-02-07T14:18:13.811Z"}
{"level":"info","message":"Server running on port 3000","timestamp":"2026-02-07T14:20:01.116Z"}
{"level":"info","message":"email sent","subject":"OTP Verification","timestamp":"2026-02-07T14:20:21.887Z","to":"eijazkhan9099@gmail.com"}
{"email":"eijazkhan9099@gmail.com","level":"info","message":"SignUp success","timestamp":"2026-02-07T14:20:21.889Z"}
{"body":{"email":"eijazkhan9099@gmail.com","otp":"609708"},"level":"error","message":"OTP verify Up Error secretOrPrivateKey must have a value","stack":"Error: secretOrPrivateKey must have a value\n    at module.exports [as sign] (D:\\eventManagementApp\\concertapp\\backend\\node_modules\\jsonwebtoken\\sign.js:111:20)\n    at generateAccessToken (D:\\eventManagementApp\\concertapp\\backend\\src\\utils\\jwt.js:4:16)\n    at verifyOTP (D:\\eventManagementApp\\concertapp\\backend\\src\\services\\authServices.js:96:25)\n    at async verifyOTPCtrl (D:\\eventManagementApp\\concertapp\\backend\\src\\controllers\\authController.js:21:24)","timestamp":"2026-02-07T14:20:52.383Z"}
{"body":{"email":"eijazkhan9099@gmail.com","otp":"609708"},"level":"error","message":"OTP verify Up Error secretOrPrivateKey must have a value","stack":"Error: secretOrPrivateKey must have a value\n    at module.exports [as sign] (D:\\eventManagementApp\\concertapp\\backend\\node_modules\\jsonwebtoken\\sign.js:111:20)\n    at generateAccessToken (D:\\eventManagementApp\\concertapp\\backend\\src\\utils\\jwt.js:4:16)\n    at verifyOTP (D:\\eventManagementApp\\concertapp\\backend\\src\\services\\authServices.js:96:25)\n    at async verifyOTPCtrl (D:\\eventManagementApp\\concertapp\\backend\\src\\controllers\\authController.js:21:24)","timestamp":"2026-02-07T14:20:58.628Z"}
{"level":"info","message":"email sent","subject":"OTP Verification","timestamp":"2026-02-07T14:21:06.948Z","to":"eijazkhan9099@gmail.com"}
{"email":"eijazkhan9099@gmail.com","level":"info","message":"SignUp success","timestamp":"2026-02-07T14:21:06.949Z"}
{"body":{"email":"eijazkhan9099@gmail.com","otp":"609708"},"level":"error","message":"OTP verify Up Error Invalid OTP","stack":"Error: Invalid OTP\n    at verifyOTP (D:\\eventManagementApp\\concertapp\\backend\\src\\services\\authServices.js:91:34)\n    at verifyOTPCtrl (D:\\eventManagementApp\\concertapp\\backend\\src\\controllers\\authController.js:21:30)\n    at Layer.handleRequest (D:\\eventManagementApp\\concertapp\\backend\\node_modules\\router\\lib\\layer.js:152:17)\n    at next (D:\\eventManagementApp\\concertapp\\backend\\node_modules\\router\\lib\\route.js:157:13)\n    at D:\\eventManagementApp\\concertapp\\backend\\src\\middlewares\\validation.js:6:5\n    at Layer.handleRequest (D:\\eventManagementApp\\concertapp\\backend\\node_modules\\router\\lib\\layer.js:152:17)\n    at next (D:\\eventManagementApp\\concertapp\\backend\\node_modules\\router\\lib\\route.js:157:13)\n    at D:\\eventManagementApp\\concertapp\\backend\\node_modules\\express-rate-limit\\dist\\index.cjs:942:7\n    at process.processTicksAndRejections (node:internal/process/task_queues:105:5)\n    at async D:\\eventManagementApp\\concertapp\\backend\\node_modules\\express-rate-limit\\dist\\index.cjs:825:5","timestamp":"2026-02-07T14:21:23.882Z"}
{"body":{"email":"eijazkhan9099@gmail.com","otp":"609708"},"level":"error","message":"OTP verify Up Error Invalid OTP","stack":"Error: Invalid OTP\n    at verifyOTP (D:\\eventManagementApp\\concertapp\\backend\\src\\services\\authServices.js:91:34)\n    at verifyOTPCtrl (D:\\eventManagementApp\\concertapp\\backend\\src\\controllers\\authController.js:21:30)\n    at Layer.handleRequest (D:\\eventManagementApp\\concertapp\\backend\\node_modules\\router\\lib\\layer.js:152:17)\n    at next (D:\\eventManagementApp\\concertapp\\backend\\node_modules\\router\\lib\\route.js:157:13)\n    at D:\\eventManagementApp\\concertapp\\backend\\src\\middlewares\\validation.js:6:5\n    at Layer.handleRequest (D:\\eventManagementApp\\concertapp\\backend\\node_modules\\router\\lib\\layer.js:152:17)\n    at next (D:\\eventManagementApp\\concertapp\\backend\\node_modules\\router\\lib\\route.js:157:13)\n    at D:\\eventManagementApp\\concertapp\\backend\\node_modules\\express-rate-limit\\dist\\index.cjs:942:7\n    at process.processTicksAndRejections (node:internal/process/task_queues:105:5)\n    at async D:\\eventManagementApp\\concertapp\\backend\\node_modules\\express-rate-limit\\dist\\index.cjs:825:5","timestamp":"2026-02-07T14:21:27.730Z"}
{"body":{"email":"eijazkhan9099@gmail.com","otp":"609708"},"level":"error","message":"OTP verify Up Error Invalid OTP","stack":"Error: Invalid OTP\n    at verifyOTP (D:\\eventManagementApp\\concertapp\\backend\\src\\services\\authServices.js:91:34)\n    at verifyOTPCtrl (D:\\eventManagementApp\\concertapp\\backend\\src\\controllers\\authController.js:21:30)\n    at Layer.handleRequest (D:\\eventManagementApp\\concertapp\\backend\\node_modules\\router\\lib\\layer.js:152:17)\n    at next (D:\\eventManagementApp\\concertapp\\backend\\node_modules\\router\\lib\\route.js:157:13)\n    at D:\\eventManagementApp\\concertapp\\backend\\src\\middlewares\\validation.js:6:5\n    at Layer.handleRequest (D:\\eventManagementApp\\concertapp\\backend\\node_modules\\router\\lib\\layer.js:152:17)\n    at next (D:\\eventManagementApp\\concertapp\\backend\\node_modules\\router\\lib\\route.js:157:13)\n    at D:\\eventManagementApp\\concertapp\\backend\\node_modules\\express-rate-limit\\dist\\index.cjs:942:7\n    at process.processTicksAndRejections (node:internal/process/task_queues:105:5)\n    at async D:\\eventManagementApp\\concertapp\\backend\\node_modules\\express-rate-limit\\dist\\index.cjs:825:5","timestamp":"2026-02-07T14:21:29.529Z"}
{"body":{"email":"eijazkhan9099@gmail.com","otp":"609708"},"level":"error","message":"OTP verify Up Error Invalid OTP","stack":"Error: Invalid OTP\n    at verifyOTP (D:\\eventManagementApp\\concertapp\\backend\\src\\services\\authServices.js:91:34)\n    at verifyOTPCtrl (D:\\eventManagementApp\\concertapp\\backend\\src\\controllers\\authController.js:21:30)\n    at Layer.handleRequest (D:\\eventManagementApp\\concertapp\\backend\\node_modules\\router\\lib\\layer.js:152:17)\n    at next (D:\\eventManagementApp\\concertapp\\backend\\node_modules\\router\\lib\\route.js:157:13)\n    at D:\\eventManagementApp\\concertapp\\backend\\src\\middlewares\\validation.js:6:5\n    at Layer.handleRequest (D:\\eventManagementApp\\concertapp\\backend\\node_modules\\router\\lib\\layer.js:152:17)\n    at next (D:\\eventManagementApp\\concertapp\\backend\\node_modules\\router\\lib\\route.js:157:13)\n    at D:\\eventManagementApp\\concertapp\\backend\\node_modules\\express-rate-limit\\dist\\index.cjs:942:7\n    at process.processTicksAndRejections (node:internal/process/task_queues:105:5)\n    at async D:\\eventManagementApp\\concertapp\\backend\\node_modules\\express-rate-limit\\dist\\index.cjs:825:5","timestamp":"2026-02-07T14:21:33.830Z"}
{"body":{"email":"eijazkhan9099@gmail.com","otp":"609708"},"level":"error","message":"OTP verify Up Error Invalid OTP","stack":"Error: Invalid OTP\n    at verifyOTP (D:\\eventManagementApp\\concertapp\\backend\\src\\services\\authServices.js:91:34)\n    at verifyOTPCtrl (D:\\eventManagementApp\\concertapp\\backend\\src\\controllers\\authController.js:21:30)\n    at Layer.handleRequest (D:\\eventManagementApp\\concertapp\\backend\\node_modules\\router\\lib\\layer.js:152:17)\n    at next (D:\\eventManagementApp\\concertapp\\backend\\node_modules\\router\\lib\\route.js:157:13)\n    at D:\\eventManagementApp\\concertapp\\backend\\src\\middlewares\\validation.js:6:5\n    at Layer.handleRequest (D:\\eventManagementApp\\concertapp\\backend\\node_modules\\router\\lib\\layer.js:152:17)\n    at next (D:\\eventManagementApp\\concertapp\\backend\\node_modules\\router\\lib\\route.js:157:13)\n    at D:\\eventManagementApp\\concertapp\\backend\\node_modules\\express-rate-limit\\dist\\index.cjs:942:7\n    at process.processTicksAndRejections (node:internal/process/task_queues:105:5)\n    at async D:\\eventManagementApp\\concertapp\\backend\\node_modules\\express-rate-limit\\dist\\index.cjs:825:5","timestamp":"2026-02-07T14:21:35.554Z"}
{"body":{"email":"eijazkhan9099@gmail.com","otp":"609708"},"level":"error","message":"OTP verify Up Error Invalid OTP","stack":"Error: Invalid OTP\n    at verifyOTP (D:\\eventManagementApp\\concertapp\\backend\\src\\services\\authServices.js:91:34)\n    at verifyOTPCtrl (D:\\eventManagementApp\\concertapp\\backend\\src\\controllers\\authController.js:21:30)\n    at Layer.handleRequest (D:\\eventManagementApp\\concertapp\\backend\\node_modules\\router\\lib\\layer.js:152:17)\n    at next (D:\\eventManagementApp\\concertapp\\backend\\node_modules\\router\\lib\\route.js:157:13)\n    at D:\\eventManagementApp\\concertapp\\backend\\src\\middlewares\\validation.js:6:5\n    at Layer.handleRequest (D:\\eventManagementApp\\concertapp\\backend\\node_modules\\router\\lib\\layer.js:152:17)\n    at next (D:\\eventManagementApp\\concertapp\\backend\\node_modules\\router\\lib\\route.js:157:13)\n    at D:\\eventManagementApp\\concertapp\\backend\\node_modules\\express-rate-limit\\dist\\index.cjs:942:7\n    at process.processTicksAndRejections (node:internal/process/task_queues:105:5)\n    at async D:\\eventManagementApp\\concertapp\\backend\\node_modules\\express-rate-limit\\dist\\index.cjs:825:5","timestamp":"2026-02-07T14:21:38.063Z"}
{"body":{"email":"eijazkhan9099@gmail.com","otp":"609708"},"level":"error","message":"OTP verify Up Error Invalid OTP","stack":"Error: Invalid OTP\n    at verifyOTP (D:\\eventManagementApp\\concertapp\\backend\\src\\services\\authServices.js:91:34)\n    at verifyOTPCtrl (D:\\eventManagementApp\\concertapp\\backend\\src\\controllers\\authController.js:21:30)\n    at Layer.handleRequest (D:\\eventManagementApp\\concertapp\\backend\\node_modules\\router\\lib\\layer.js:152:17)\n    at next (D:\\eventManagementApp\\concertapp\\backend\\node_modules\\router\\lib\\route.js:157:13)\n    at D:\\eventManagementApp\\concertapp\\backend\\src\\middlewares\\validation.js:6:5\n    at Layer.handleRequest (D:\\eventManagementApp\\concertapp\\backend\\node_modules\\router\\lib\\layer.js:152:17)\n    at next (D:\\eventManagementApp\\concertapp\\backend\\node_modules\\router\\lib\\route.js:157:13)\n    at D:\\eventManagementApp\\concertapp\\backend\\node_modules\\express-rate-limit\\dist\\index.cjs:942:7\n    at process.processTicksAndRejections (node:internal/process/task_queues:105:5)\n    at async D:\\eventManagementApp\\concertapp\\backend\\node_modules\\express-rate-limit\\dist\\index.cjs:825:5","timestamp":"2026-02-07T14:22:06.094Z"}
{"body":{"email":"eijazkhan9099@gmail.com","otp":"609708"},"level":"error","message":"OTP verify Up Error Invalid OTP","stack":"Error: Invalid OTP\n    at verifyOTP (D:\\eventManagementApp\\concertapp\\backend\\src\\services\\authServices.js:91:34)\n    at verifyOTPCtrl (D:\\eventManagementApp\\concertapp\\backend\\src\\controllers\\authController.js:21:30)\n    at Layer.handleRequest (D:\\eventManagementApp\\concertapp\\backend\\node_modules\\router\\lib\\layer.js:152:17)\n    at next (D:\\eventManagementApp\\concertapp\\backend\\node_modules\\router\\lib\\route.js:157:13)\n    at D:\\eventManagementApp\\concertapp\\backend\\src\\middlewares\\validation.js:6:5\n    at Layer.handleRequest (D:\\eventManagementApp\\concertapp\\backend\\node_modules\\router\\lib\\layer.js:152:17)\n    at next (D:\\eventManagementApp\\concertapp\\backend\\node_modules\\router\\lib\\route.js:157:13)\n    at D:\\eventManagementApp\\concertapp\\backend\\node_modules\\express-rate-limit\\dist\\index.cjs:942:7\n    at process.processTicksAndRejections (node:internal/process/task_queues:105:5)\n    at async D:\\eventManagementApp\\concertapp\\backend\\node_modules\\express-rate-limit\\dist\\index.cjs:825:5","timestamp":"2026-02-07T14:22:06.791Z"}
{"level":"info","message":"Server running on port 3000","timestamp":"2026-02-07T14:24:34.455Z"}
{"level":"info","message":"Server running on port 3000","timestamp":"2026-02-07T14:24:44.173Z"}
{"level":"info","message":"Server running on port 3000","timestamp":"2026-02-07T14:24:48.808Z"}
{"level":"info","message":"Server running on port 3000","timestamp":"2026-02-07T14:24:57.449Z"}
{"level":"info","message":"Server running on port 3000","timestamp":"2026-02-07T14:29:34.297Z"}
{"level":"info","message":"email sent","subject":"OTP Verification","timestamp":"2026-02-07T14:30:04.955Z","to":"eijazkhan9099@gmail.com"}
{"email":"eijazkhan9099@gmail.com","level":"info","message":"SignUp success","timestamp":"2026-02-07T14:30:04.957Z"}
{"level":"info","message":"email sent","subject":"OTP Verification","timestamp":"2026-02-07T14:30:05.159Z","to":"eijazkhan9099@gmail.com"}
{"email":"eijazkhan9099@gmail.com","level":"info","message":"SignUp success","timestamp":"2026-02-07T14:30:05.160Z"}
{"body":{"email":"eijazkhan9099@gmail.com","otp":"733071"},"level":"error","message":"OTP verify Up Error Invalid OTP","stack":"Error: Invalid OTP\n    at verifyOTP (D:\\eventManagementApp\\concertapp\\backend\\src\\services\\authServices.js:112:34)\n    at verifyOTPCtrl (D:\\eventManagementApp\\concertapp\\backend\\src\\controllers\\authController.js:21:30)\n    at Layer.handleRequest (D:\\eventManagementApp\\concertapp\\backend\\node_modules\\router\\lib\\layer.js:152:17)\n    at next (D:\\eventManagementApp\\concertapp\\backend\\node_modules\\router\\lib\\route.js:157:13)\n    at D:\\eventManagementApp\\concertapp\\backend\\src\\middlewares\\validation.js:6:5\n    at Layer.handleRequest (D:\\eventManagementApp\\concertapp\\backend\\node_modules\\router\\lib\\layer.js:152:17)\n    at next (D:\\eventManagementApp\\concertapp\\backend\\node_modules\\router\\lib\\route.js:157:13)\n    at D:\\eventManagementApp\\concertapp\\backend\\node_modules\\express-rate-limit\\dist\\index.cjs:942:7\n    at process.processTicksAndRejections (node:internal/process/task_queues:105:5)\n    at async D:\\eventManagementApp\\concertapp\\backend\\node_modules\\express-rate-limit\\dist\\index.cjs:825:5","timestamp":"2026-02-07T14:30:28.619Z"}
{"body":{"email":"eijazkhan9099@gmail.com","otp":"733071"},"level":"error","message":"OTP verify Up Error Invalid OTP","stack":"Error: Invalid OTP\n    at verifyOTP (D:\\eventManagementApp\\concertapp\\backend\\src\\services\\authServices.js:112:34)\n    at verifyOTPCtrl (D:\\eventManagementApp\\concertapp\\backend\\src\\controllers\\authController.js:21:30)\n    at Layer.handleRequest (D:\\eventManagementApp\\concertapp\\backend\\node_modules\\router\\lib\\layer.js:152:17)\n    at next (D:\\eventManagementApp\\concertapp\\backend\\node_modules\\router\\lib\\route.js:157:13)\n    at D:\\eventManagementApp\\concertapp\\backend\\src\\middlewares\\validation.js:6:5\n    at Layer.handleRequest (D:\\eventManagementApp\\concertapp\\backend\\node_modules\\router\\lib\\layer.js:152:17)\n    at next (D:\\eventManagementApp\\concertapp\\backend\\node_modules\\router\\lib\\route.js:157:13)\n    at D:\\eventManagementApp\\concertapp\\backend\\node_modules\\express-rate-limit\\dist\\index.cjs:942:7\n    at process.processTicksAndRejections (node:internal/process/task_queues:105:5)\n    at async D:\\eventManagementApp\\concertapp\\backend\\node_modules\\express-rate-limit\\dist\\index.cjs:825:5","timestamp":"2026-02-07T14:30:31.312Z"}
{"body":{"email":"eijazkhan9099@gmail.com","otp":"733071"},"level":"error","message":"OTP verify Up Error Invalid OTP","stack":"Error: Invalid OTP\n    at verifyOTP (D:\\eventManagementApp\\concertapp\\backend\\src\\services\\authServices.js:112:34)\n    at verifyOTPCtrl (D:\\eventManagementApp\\concertapp\\backend\\src\\controllers\\authController.js:21:30)\n    at Layer.handleRequest (D:\\eventManagementApp\\concertapp\\backend\\node_modules\\router\\lib\\layer.js:152:17)\n    at next (D:\\eventManagementApp\\concertapp\\backend\\node_modules\\router\\lib\\route.js:157:13)\n    at D:\\eventManagementApp\\concertapp\\backend\\src\\middlewares\\validation.js:6:5\n    at Layer.handleRequest (D:\\eventManagementApp\\concertapp\\backend\\node_modules\\router\\lib\\layer.js:152:17)\n    at next (D:\\eventManagementApp\\concertapp\\backend\\node_modules\\router\\lib\\route.js:157:13)\n    at D:\\eventManagementApp\\concertapp\\backend\\node_modules\\express-rate-limit\\dist\\index.cjs:942:7\n    at process.processTicksAndRejections (node:internal/process/task_queues:105:5)\n    at async D:\\eventManagementApp\\concertapp\\backend\\node_modules\\express-rate-limit\\dist\\index.cjs:825:5","timestamp":"2026-02-07T14:30:32.180Z"}
{"body":{"email":"eijazkhan9099@gmail.com","otp":"733071"},"level":"error","message":"OTP verify Up Error Invalid OTP","stack":"Error: Invalid OTP\n    at verifyOTP (D:\\eventManagementApp\\concertapp\\backend\\src\\services\\authServices.js:112:34)\n    at verifyOTPCtrl (D:\\eventManagementApp\\concertapp\\backend\\src\\controllers\\authController.js:21:30)\n    at Layer.handleRequest (D:\\eventManagementApp\\concertapp\\backend\\node_modules\\router\\lib\\layer.js:152:17)\n    at next (D:\\eventManagementApp\\concertapp\\backend\\node_modules\\router\\lib\\route.js:157:13)\n    at D:\\eventManagementApp\\concertapp\\backend\\src\\middlewares\\validation.js:6:5\n    at Layer.handleRequest (D:\\eventManagementApp\\concertapp\\backend\\node_modules\\router\\lib\\layer.js:152:17)\n    at next (D:\\eventManagementApp\\concertapp\\backend\\node_modules\\router\\lib\\route.js:157:13)\n    at D:\\eventManagementApp\\concertapp\\backend\\node_modules\\express-rate-limit\\dist\\index.cjs:942:7\n    at process.processTicksAndRejections (node:internal/process/task_queues:105:5)\n    at async D:\\eventManagementApp\\concertapp\\backend\\node_modules\\express-rate-limit\\dist\\index.cjs:825:5","timestamp":"2026-02-07T14:30:33.533Z"}
{"body":{"email":"eijazkhan9099@gmail.com","otp":"733071"},"level":"error","message":"OTP verify Up Error Invalid OTP","stack":"Error: Invalid OTP\n    at verifyOTP (D:\\eventManagementApp\\concertapp\\backend\\src\\services\\authServices.js:112:34)\n    at verifyOTPCtrl (D:\\eventManagementApp\\concertapp\\backend\\src\\controllers\\authController.js:21:30)\n    at Layer.handleRequest (D:\\eventManagementApp\\concertapp\\backend\\node_modules\\router\\lib\\layer.js:152:17)\n    at next (D:\\eventManagementApp\\concertapp\\backend\\node_modules\\router\\lib\\route.js:157:13)\n    at D:\\eventManagementApp\\concertapp\\backend\\src\\middlewares\\validation.js:6:5\n    at Layer.handleRequest (D:\\eventManagementApp\\concertapp\\backend\\node_modules\\router\\lib\\layer.js:152:17)\n    at next (D:\\eventManagementApp\\concertapp\\backend\\node_modules\\router\\lib\\route.js:157:13)\n    at D:\\eventManagementApp\\concertapp\\backend\\node_modules\\express-rate-limit\\dist\\index.cjs:942:7\n    at process.processTicksAndRejections (node:internal/process/task_queues:105:5)\n    at async D:\\eventManagementApp\\concertapp\\backend\\node_modules\\express-rate-limit\\dist\\index.cjs:825:5","timestamp":"2026-02-07T14:30:34.342Z"}
{"body":{"email":"eijazkhan9099@gmail.com","otp":"733071"},"level":"error","message":"OTP verify Up Error Invalid OTP","stack":"Error: Invalid OTP\n    at verifyOTP (D:\\eventManagementApp\\concertapp\\backend\\src\\services\\authServices.js:112:34)\n    at verifyOTPCtrl (D:\\eventManagementApp\\concertapp\\backend\\src\\controllers\\authController.js:21:30)\n    at Layer.handleRequest (D:\\eventManagementApp\\concertapp\\backend\\node_modules\\router\\lib\\layer.js:152:17)\n    at next (D:\\eventManagementApp\\concertapp\\backend\\node_modules\\router\\lib\\route.js:157:13)\n    at D:\\eventManagementApp\\concertapp\\backend\\src\\middlewares\\validation.js:6:5\n    at Layer.handleRequest (D:\\eventManagementApp\\concertapp\\backend\\node_modules\\router\\lib\\layer.js:152:17)\n    at next (D:\\eventManagementApp\\concertapp\\backend\\node_modules\\router\\lib\\route.js:157:13)\n    at D:\\eventManagementApp\\concertapp\\backend\\node_modules\\express-rate-limit\\dist\\index.cjs:942:7\n    at process.processTicksAndRejections (node:internal/process/task_queues:105:5)\n    at async D:\\eventManagementApp\\concertapp\\backend\\node_modules\\express-rate-limit\\dist\\index.cjs:825:5","timestamp":"2026-02-07T14:30:35.373Z"}
{"body":{"email":"eijazkhan9099@gmail.com","otp":"733071"},"level":"error","message":"OTP verify Up Error Invalid OTP","stack":"Error: Invalid OTP\n    at verifyOTP (D:\\eventManagementApp\\concertapp\\backend\\src\\services\\authServices.js:112:34)\n    at verifyOTPCtrl (D:\\eventManagementApp\\concertapp\\backend\\src\\controllers\\authController.js:21:30)\n    at Layer.handleRequest (D:\\eventManagementApp\\concertapp\\backend\\node_modules\\router\\lib\\layer.js:152:17)\n    at next (D:\\eventManagementApp\\concertapp\\backend\\node_modules\\router\\lib\\route.js:157:13)\n    at D:\\eventManagementApp\\concertapp\\backend\\src\\middlewares\\validation.js:6:5\n    at Layer.handleRequest (D:\\eventManagementApp\\concertapp\\backend\\node_modules\\router\\lib\\layer.js:152:17)\n    at next (D:\\eventManagementApp\\concertapp\\backend\\node_modules\\router\\lib\\route.js:157:13)\n    at D:\\eventManagementApp\\concertapp\\backend\\node_modules\\express-rate-limit\\dist\\index.cjs:942:7\n    at process.processTicksAndRejections (node:internal/process/task_queues:105:5)\n    at async D:\\eventManagementApp\\concertapp\\backend\\node_modules\\express-rate-limit\\dist\\index.cjs:825:5","timestamp":"2026-02-07T14:30:37.679Z"}
{"body":{"email":"eijazkhan9099@gmail.com","otp":"733071"},"level":"error","message":"OTP verify Up Error Invalid OTP","stack":"Error: Invalid OTP\n    at verifyOTP (D:\\eventManagementApp\\concertapp\\backend\\src\\services\\authServices.js:112:34)\n    at verifyOTPCtrl (D:\\eventManagementApp\\concertapp\\backend\\src\\controllers\\authController.js:21:30)\n    at Layer.handleRequest (D:\\eventManagementApp\\concertapp\\backend\\node_modules\\router\\lib\\layer.js:152:17)\n    at next (D:\\eventManagementApp\\concertapp\\backend\\node_modules\\router\\lib\\route.js:157:13)\n    at D:\\eventManagementApp\\concertapp\\backend\\src\\middlewares\\validation.js:6:5\n    at Layer.handleRequest (D:\\eventManagementApp\\concertapp\\backend\\node_modules\\router\\lib\\layer.js:152:17)\n    at next (D:\\eventManagementApp\\concertapp\\backend\\node_modules\\router\\lib\\route.js:157:13)\n    at D:\\eventManagementApp\\concertapp\\backend\\node_modules\\express-rate-limit\\dist\\index.cjs:942:7\n    at process.processTicksAndRejections (node:internal/process/task_queues:105:5)\n    at async D:\\eventManagementApp\\concertapp\\backend\\node_modules\\express-rate-limit\\dist\\index.cjs:825:5","timestamp":"2026-02-07T14:30:43.497Z"}
{"level":"info","message":"Server running on port 3000","timestamp":"2026-02-07T14:30:54.665Z"}
{"body":{"email":"eijazkhan9099@gmail.com","otp":"733071"},"level":"error","message":"OTP verify Up Error Invalid OTP","stack":"Error: Invalid OTP\n    at verifyOTP (D:\\eventManagementApp\\concertapp\\backend\\src\\services\\authServices.js:112:34)\n    at verifyOTPCtrl (D:\\eventManagementApp\\concertapp\\backend\\src\\controllers\\authController.js:21:30)\n    at Layer.handleRequest (D:\\eventManagementApp\\concertapp\\backend\\node_modules\\router\\lib\\layer.js:152:17)\n    at next (D:\\eventManagementApp\\concertapp\\backend\\node_modules\\router\\lib\\route.js:157:13)\n    at D:\\eventManagementApp\\concertapp\\backend\\src\\middlewares\\validation.js:6:5\n    at Layer.handleRequest (D:\\eventManagementApp\\concertapp\\backend\\node_modules\\router\\lib\\layer.js:152:17)\n    at next (D:\\eventManagementApp\\concertapp\\backend\\node_modules\\router\\lib\\route.js:157:13)\n    at D:\\eventManagementApp\\concertapp\\backend\\node_modules\\express-rate-limit\\dist\\index.cjs:942:7\n    at process.processTicksAndRejections (node:internal/process/task_queues:105:5)\n    at async D:\\eventManagementApp\\concertapp\\backend\\node_modules\\express-rate-limit\\dist\\index.cjs:825:5","timestamp":"2026-02-07T14:31:25.000Z"}
{"level":"info","message":"Server running on port 3000","timestamp":"2026-02-07T14:34:01.364Z"}
{"level":"info","message":"email sent","subject":"OTP Verification","timestamp":"2026-02-07T14:34:24.666Z","to":"eijazkhan9099@gmail.com"}
{"email":"eijazkhan9099@gmail.com","level":"info","message":"SignUp success","timestamp":"2026-02-07T14:34:24.669Z"}
{"level":"info","message":"email sent","subject":"OTP Verification","timestamp":"2026-02-07T14:34:27.199Z","to":"eijazkhan9099@gmail.com"}
{"email":"eijazkhan9099@gmail.com","level":"info","message":"SignUp success","timestamp":"2026-02-07T14:34:27.200Z"}
{"body":{"email":"eijazkhan9099@gmail.com","otp":"078540"},"level":"error","message":"OTP verify Up Error Invalid OTP","stack":"Error: Invalid OTP\n    at verifyOTP (D:\\eventManagementApp\\concertapp\\backend\\src\\services\\authServices.js:112:34)\n    at verifyOTPCtrl (D:\\eventManagementApp\\concertapp\\backend\\src\\controllers\\authController.js:21:30)\n    at Layer.handleRequest (D:\\eventManagementApp\\concertapp\\backend\\node_modules\\router\\lib\\layer.js:152:17)\n    at next (D:\\eventManagementApp\\concertapp\\backend\\node_modules\\router\\lib\\route.js:157:13)\n    at D:\\eventManagementApp\\concertapp\\backend\\src\\middlewares\\validation.js:6:5\n    at Layer.handleRequest (D:\\eventManagementApp\\concertapp\\backend\\node_modules\\router\\lib\\layer.js:152:17)\n    at next (D:\\eventManagementApp\\concertapp\\backend\\node_modules\\router\\lib\\route.js:157:13)\n    at D:\\eventManagementApp\\concertapp\\backend\\node_modules\\express-rate-limit\\dist\\index.cjs:942:7\n    at process.processTicksAndRejections (node:internal/process/task_queues:105:5)\n    at async D:\\eventManagementApp\\concertapp\\backend\\node_modules\\express-rate-limit\\dist\\index.cjs:825:5","timestamp":"2026-02-07T14:34:48.373Z"}
{"body":{"email":"eijazkhan9099@gmail.com","otp":"078540"},"level":"error","message":"OTP verify Up Error Invalid OTP","stack":"Error: Invalid OTP\n    at verifyOTP (D:\\eventManagementApp\\concertapp\\backend\\src\\services\\authServices.js:112:34)\n    at verifyOTPCtrl (D:\\eventManagementApp\\concertapp\\backend\\src\\controllers\\authController.js:21:30)\n    at Layer.handleRequest (D:\\eventManagementApp\\concertapp\\backend\\node_modules\\router\\lib\\layer.js:152:17)\n    at next (D:\\eventManagementApp\\concertapp\\backend\\node_modules\\router\\lib\\route.js:157:13)\n    at D:\\eventManagementApp\\concertapp\\backend\\src\\middlewares\\validation.js:6:5\n    at Layer.handleRequest (D:\\eventManagementApp\\concertapp\\backend\\node_modules\\router\\lib\\layer.js:152:17)\n    at next (D:\\eventManagementApp\\concertapp\\backend\\node_modules\\router\\lib\\route.js:157:13)\n    at D:\\eventManagementApp\\concertapp\\backend\\node_modules\\express-rate-limit\\dist\\index.cjs:942:7\n    at process.processTicksAndRejections (node:internal/process/task_queues:105:5)\n    at async D:\\eventManagementApp\\concertapp\\backend\\node_modules\\express-rate-limit\\dist\\index.cjs:825:5","timestamp":"2026-02-07T14:34:50.320Z"}
{"body":{"email":"eijazkhan9099@gmail.com","otp":"078540"},"level":"error","message":"OTP verify Up Error Invalid OTP","stack":"Error: Invalid OTP\n    at verifyOTP (D:\\eventManagementApp\\concertapp\\backend\\src\\services\\authServices.js:112:34)\n    at verifyOTPCtrl (D:\\eventManagementApp\\concertapp\\backend\\src\\controllers\\authController.js:21:30)\n    at Layer.handleRequest (D:\\eventManagementApp\\concertapp\\backend\\node_modules\\router\\lib\\layer.js:152:17)\n    at next (D:\\eventManagementApp\\concertapp\\backend\\node_modules\\router\\lib\\route.js:157:13)\n    at D:\\eventManagementApp\\concertapp\\backend\\src\\middlewares\\validation.js:6:5\n    at Layer.handleRequest (D:\\eventManagementApp\\concertapp\\backend\\node_modules\\router\\lib\\layer.js:152:17)\n    at next (D:\\eventManagementApp\\concertapp\\backend\\node_modules\\router\\lib\\route.js:157:13)\n    at D:\\eventManagementApp\\concertapp\\backend\\node_modules\\express-rate-limit\\dist\\index.cjs:942:7\n    at process.processTicksAndRejections (node:internal/process/task_queues:105:5)\n    at async D:\\eventManagementApp\\concertapp\\backend\\node_modules\\express-rate-limit\\dist\\index.cjs:825:5","timestamp":"2026-02-07T14:34:51.590Z"}
{"body":{"email":"eijazkhan9099@gmail.com","otp":"078540"},"level":"error","message":"OTP verify Up Error Invalid OTP","stack":"Error: Invalid OTP\n    at verifyOTP (D:\\eventManagementApp\\concertapp\\backend\\src\\services\\authServices.js:112:34)\n    at verifyOTPCtrl (D:\\eventManagementApp\\concertapp\\backend\\src\\controllers\\authController.js:21:30)\n    at Layer.handleRequest (D:\\eventManagementApp\\concertapp\\backend\\node_modules\\router\\lib\\layer.js:152:17)\n    at next (D:\\eventManagementApp\\concertapp\\backend\\node_modules\\router\\lib\\route.js:157:13)\n    at D:\\eventManagementApp\\concertapp\\backend\\src\\middlewares\\validation.js:6:5\n    at Layer.handleRequest (D:\\eventManagementApp\\concertapp\\backend\\node_modules\\router\\lib\\layer.js:152:17)\n    at next (D:\\eventManagementApp\\concertapp\\backend\\node_modules\\router\\lib\\route.js:157:13)\n    at D:\\eventManagementApp\\concertapp\\backend\\node_modules\\express-rate-limit\\dist\\index.cjs:942:7\n    at process.processTicksAndRejections (node:internal/process/task_queues:105:5)\n    at async D:\\eventManagementApp\\concertapp\\backend\\node_modules\\express-rate-limit\\dist\\index.cjs:825:5","timestamp":"2026-02-07T14:34:52.780Z"}
{"body":{"email":"eijazkhan9099@gmail.com","otp":"078540"},"level":"error","message":"OTP verify Up Error Invalid OTP","stack":"Error: Invalid OTP\n    at verifyOTP (D:\\eventManagementApp\\concertapp\\backend\\src\\services\\authServices.js:112:34)\n    at verifyOTPCtrl (D:\\eventManagementApp\\concertapp\\backend\\src\\controllers\\authController.js:21:30)\n    at Layer.handleRequest (D:\\eventManagementApp\\concertapp\\backend\\node_modules\\router\\lib\\layer.js:152:17)\n    at next (D:\\eventManagementApp\\concertapp\\backend\\node_modules\\router\\lib\\route.js:157:13)\n    at D:\\eventManagementApp\\concertapp\\backend\\src\\middlewares\\validation.js:6:5\n    at Layer.handleRequest (D:\\eventManagementApp\\concertapp\\backend\\node_modules\\router\\lib\\layer.js:152:17)\n    at next (D:\\eventManagementApp\\concertapp\\backend\\node_modules\\router\\lib\\route.js:157:13)\n    at D:\\eventManagementApp\\concertapp\\backend\\node_modules\\express-rate-limit\\dist\\index.cjs:942:7\n    at process.processTicksAndRejections (node:internal/process/task_queues:105:5)\n    at async D:\\eventManagementApp\\concertapp\\backend\\node_modules\\express-rate-limit\\dist\\index.cjs:825:5","timestamp":"2026-02-07T14:34:52.908Z"}
{"body":{"email":"eijazkhan9099@gmail.com","otp":"078540"},"level":"error","message":"OTP verify Up Error Invalid OTP","stack":"Error: Invalid OTP\n    at verifyOTP (D:\\eventManagementApp\\concertapp\\backend\\src\\services\\authServices.js:112:34)\n    at verifyOTPCtrl (D:\\eventManagementApp\\concertapp\\backend\\src\\controllers\\authController.js:21:30)\n    at Layer.handleRequest (D:\\eventManagementApp\\concertapp\\backend\\node_modules\\router\\lib\\layer.js:152:17)\n    at next (D:\\eventManagementApp\\concertapp\\backend\\node_modules\\router\\lib\\route.js:157:13)\n    at D:\\eventManagementApp\\concertapp\\backend\\src\\middlewares\\validation.js:6:5\n    at Layer.handleRequest (D:\\eventManagementApp\\concertapp\\backend\\node_modules\\router\\lib\\layer.js:152:17)\n    at next (D:\\eventManagementApp\\concertapp\\backend\\node_modules\\router\\lib\\route.js:157:13)\n    at D:\\eventManagementApp\\concertapp\\backend\\node_modules\\express-rate-limit\\dist\\index.cjs:942:7\n    at process.processTicksAndRejections (node:internal/process/task_queues:105:5)\n    at async D:\\eventManagementApp\\concertapp\\backend\\node_modules\\express-rate-limit\\dist\\index.cjs:825:5","timestamp":"2026-02-07T14:34:53.192Z"}
{"body":{"email":"eijazkhan9099@gmail.com","otp":"078540"},"level":"error","message":"OTP verify Up Error Invalid OTP","stack":"Error: Invalid OTP\n    at verifyOTP (D:\\eventManagementApp\\concertapp\\backend\\src\\services\\authServices.js:112:34)\n    at verifyOTPCtrl (D:\\eventManagementApp\\concertapp\\backend\\src\\controllers\\authController.js:21:30)\n    at Layer.handleRequest (D:\\eventManagementApp\\concertapp\\backend\\node_modules\\router\\lib\\layer.js:152:17)\n    at next (D:\\eventManagementApp\\concertapp\\backend\\node_modules\\router\\lib\\route.js:157:13)\n    at D:\\eventManagementApp\\concertapp\\backend\\src\\middlewares\\validation.js:6:5\n    at Layer.handleRequest (D:\\eventManagementApp\\concertapp\\backend\\node_modules\\router\\lib\\layer.js:152:17)\n    at next (D:\\eventManagementApp\\concertapp\\backend\\node_modules\\router\\lib\\route.js:157:13)\n    at D:\\eventManagementApp\\concertapp\\backend\\node_modules\\express-rate-limit\\dist\\index.cjs:942:7\n    at process.processTicksAndRejections (node:internal/process/task_queues:105:5)\n    at async D:\\eventManagementApp\\concertapp\\backend\\node_modules\\express-rate-limit\\dist\\index.cjs:825:5","timestamp":"2026-02-07T14:34:53.286Z"}
{"body":{"email":"eijazkhan9099@gmail.com","otp":"078540"},"level":"error","message":"OTP verify Up Error Invalid OTP","stack":"Error: Invalid OTP\n    at verifyOTP (D:\\eventManagementApp\\concertapp\\backend\\src\\services\\authServices.js:112:34)\n    at verifyOTPCtrl (D:\\eventManagementApp\\concertapp\\backend\\src\\controllers\\authController.js:21:30)\n    at Layer.handleRequest (D:\\eventManagementApp\\concertapp\\backend\\node_modules\\router\\lib\\layer.js:152:17)\n    at next (D:\\eventManagementApp\\concertapp\\backend\\node_modules\\router\\lib\\route.js:157:13)\n    at D:\\eventManagementApp\\concertapp\\backend\\src\\middlewares\\validation.js:6:5\n    at Layer.handleRequest (D:\\eventManagementApp\\concertapp\\backend\\node_modules\\router\\lib\\layer.js:152:17)\n    at next (D:\\eventManagementApp\\concertapp\\backend\\node_modules\\router\\lib\\route.js:157:13)\n    at D:\\eventManagementApp\\concertapp\\backend\\node_modules\\express-rate-limit\\dist\\index.cjs:942:7\n    at process.processTicksAndRejections (node:internal/process/task_queues:105:5)\n    at async D:\\eventManagementApp\\concertapp\\backend\\node_modules\\express-rate-limit\\dist\\index.cjs:825:5","timestamp":"2026-02-07T14:34:53.468Z"}
{"body":{"email":"eijazkhan9099@gmail.com","otp":"078540"},"level":"error","message":"OTP verify Up Error Invalid OTP","stack":"Error: Invalid OTP\n    at verifyOTP (D:\\eventManagementApp\\concertapp\\backend\\src\\services\\authServices.js:112:34)\n    at verifyOTPCtrl (D:\\eventManagementApp\\concertapp\\backend\\src\\controllers\\authController.js:21:30)\n    at Layer.handleRequest (D:\\eventManagementApp\\concertapp\\backend\\node_modules\\router\\lib\\layer.js:152:17)\n    at next (D:\\eventManagementApp\\concertapp\\backend\\node_modules\\router\\lib\\route.js:157:13)\n    at D:\\eventManagementApp\\concertapp\\backend\\src\\middlewares\\validation.js:6:5\n    at Layer.handleRequest (D:\\eventManagementApp\\concertapp\\backend\\node_modules\\router\\lib\\layer.js:152:17)\n    at next (D:\\eventManagementApp\\concertapp\\backend\\node_modules\\router\\lib\\route.js:157:13)\n    at D:\\eventManagementApp\\concertapp\\backend\\node_modules\\express-rate-limit\\dist\\index.cjs:942:7\n    at process.processTicksAndRejections (node:internal/process/task_queues:105:5)\n    at async D:\\eventManagementApp\\concertapp\\backend\\node_modules\\express-rate-limit\\dist\\index.cjs:825:5","timestamp":"2026-02-07T14:34:53.660Z"}
{"body":{"email":"eijazkhan9099@gmail.com","otp":"078540"},"level":"error","message":"OTP verify Up Error Invalid OTP","stack":"Error: Invalid OTP\n    at verifyOTP (D:\\eventManagementApp\\concertapp\\backend\\src\\services\\authServices.js:112:34)\n    at verifyOTPCtrl (D:\\eventManagementApp\\concertapp\\backend\\src\\controllers\\authController.js:21:30)\n    at Layer.handleRequest (D:\\eventManagementApp\\concertapp\\backend\\node_modules\\router\\lib\\layer.js:152:17)\n    at next (D:\\eventManagementApp\\concertapp\\backend\\node_modules\\router\\lib\\route.js:157:13)\n    at D:\\eventManagementApp\\concertapp\\backend\\src\\middlewares\\validation.js:6:5\n    at Layer.handleRequest (D:\\eventManagementApp\\concertapp\\backend\\node_modules\\router\\lib\\layer.js:152:17)\n    at next (D:\\eventManagementApp\\concertapp\\backend\\node_modules\\router\\lib\\route.js:157:13)\n    at D:\\eventManagementApp\\concertapp\\backend\\node_modules\\express-rate-limit\\dist\\index.cjs:942:7\n    at process.processTicksAndRejections (node:internal/process/task_queues:105:5)\n    at async D:\\eventManagementApp\\concertapp\\backend\\node_modules\\express-rate-limit\\dist\\index.cjs:825:5","timestamp":"2026-02-07T14:34:53.868Z"}
{"body":{"email":"eijazkhan9099@gmail.com","otp":"078540"},"level":"error","message":"OTP verify Up Error Invalid OTP","stack":"Error: Invalid OTP\n    at verifyOTP (D:\\eventManagementApp\\concertapp\\backend\\src\\services\\authServices.js:112:34)\n    at verifyOTPCtrl (D:\\eventManagementApp\\concertapp\\backend\\src\\controllers\\authController.js:21:30)\n    at Layer.handleRequest (D:\\eventManagementApp\\concertapp\\backend\\node_modules\\router\\lib\\layer.js:152:17)\n    at next (D:\\eventManagementApp\\concertapp\\backend\\node_modules\\router\\lib\\route.js:157:13)\n    at D:\\eventManagementApp\\concertapp\\backend\\src\\middlewares\\validation.js:6:5\n    at Layer.handleRequest (D:\\eventManagementApp\\concertapp\\backend\\node_modules\\router\\lib\\layer.js:152:17)\n    at next (D:\\eventManagementApp\\concertapp\\backend\\node_modules\\router\\lib\\route.js:157:13)\n    at D:\\eventManagementApp\\concertapp\\backend\\node_modules\\express-rate-limit\\dist\\index.cjs:942:7\n    at process.processTicksAndRejections (node:internal/process/task_queues:105:5)\n    at async D:\\eventManagementApp\\concertapp\\backend\\node_modules\\express-rate-limit\\dist\\index.cjs:825:5","timestamp":"2026-02-07T14:34:54.048Z"}
{"body":{"email":"eijazkhan9099@gmail.com","otp":"078540"},"level":"error","message":"OTP verify Up Error Invalid OTP","stack":"Error: Invalid OTP\n    at verifyOTP (D:\\eventManagementApp\\concertapp\\backend\\src\\services\\authServices.js:112:34)\n    at verifyOTPCtrl (D:\\eventManagementApp\\concertapp\\backend\\src\\controllers\\authController.js:21:30)\n    at Layer.handleRequest (D:\\eventManagementApp\\concertapp\\backend\\node_modules\\router\\lib\\layer.js:152:17)\n    at next (D:\\eventManagementApp\\concertapp\\backend\\node_modules\\router\\lib\\route.js:157:13)\n    at D:\\eventManagementApp\\concertapp\\backend\\src\\middlewares\\validation.js:6:5\n    at Layer.handleRequest (D:\\eventManagementApp\\concertapp\\backend\\node_modules\\router\\lib\\layer.js:152:17)\n    at next (D:\\eventManagementApp\\concertapp\\backend\\node_modules\\router\\lib\\route.js:157:13)\n    at D:\\eventManagementApp\\concertapp\\backend\\node_modules\\express-rate-limit\\dist\\index.cjs:942:7\n    at process.processTicksAndRejections (node:internal/process/task_queues:105:5)\n    at async D:\\eventManagementApp\\concertapp\\backend\\node_modules\\express-rate-limit\\dist\\index.cjs:825:5","timestamp":"2026-02-07T14:34:54.239Z"}
{"body":{"email":"eijazkhan9099@gmail.com","otp":"078540"},"level":"error","message":"OTP verify Up Error Invalid OTP","stack":"Error: Invalid OTP\n    at verifyOTP (D:\\eventManagementApp\\concertapp\\backend\\src\\services\\authServices.js:112:34)\n    at verifyOTPCtrl (D:\\eventManagementApp\\concertapp\\backend\\src\\controllers\\authController.js:21:30)\n    at Layer.handleRequest (D:\\eventManagementApp\\concertapp\\backend\\node_modules\\router\\lib\\layer.js:152:17)\n    at next (D:\\eventManagementApp\\concertapp\\backend\\node_modules\\router\\lib\\route.js:157:13)\n    at D:\\eventManagementApp\\concertapp\\backend\\src\\middlewares\\validation.js:6:5\n    at Layer.handleRequest (D:\\eventManagementApp\\concertapp\\backend\\node_modules\\router\\lib\\layer.js:152:17)\n    at next (D:\\eventManagementApp\\concertapp\\backend\\node_modules\\router\\lib\\route.js:157:13)\n    at D:\\eventManagementApp\\concertapp\\backend\\node_modules\\express-rate-limit\\dist\\index.cjs:942:7\n    at process.processTicksAndRejections (node:internal/process/task_queues:105:5)\n    at async D:\\eventManagementApp\\concertapp\\backend\\node_modules\\express-rate-limit\\dist\\index.cjs:825:5","timestamp":"2026-02-07T14:34:54.528Z"}
{"body":{"email":"eijazkhan9099@gmail.com","otp":"078540"},"level":"error","message":"OTP verify Up Error Invalid OTP","stack":"Error: Invalid OTP\n    at verifyOTP (D:\\eventManagementApp\\concertapp\\backend\\src\\services\\authServices.js:112:34)\n    at verifyOTPCtrl (D:\\eventManagementApp\\concertapp\\backend\\src\\controllers\\authController.js:21:30)\n    at Layer.handleRequest (D:\\eventManagementApp\\concertapp\\backend\\node_modules\\router\\lib\\layer.js:152:17)\n    at next (D:\\eventManagementApp\\concertapp\\backend\\node_modules\\router\\lib\\route.js:157:13)\n    at D:\\eventManagementApp\\concertapp\\backend\\src\\middlewares\\validation.js:6:5\n    at Layer.handleRequest (D:\\eventManagementApp\\concertapp\\backend\\node_modules\\router\\lib\\layer.js:152:17)\n    at next (D:\\eventManagementApp\\concertapp\\backend\\node_modules\\router\\lib\\route.js:157:13)\n    at D:\\eventManagementApp\\concertapp\\backend\\node_modules\\express-rate-limit\\dist\\index.cjs:942:7\n    at process.processTicksAndRejections (node:internal/process/task_queues:105:5)\n    at async D:\\eventManagementApp\\concertapp\\backend\\node_modules\\express-rate-limit\\dist\\index.cjs:825:5","timestamp":"2026-02-07T14:34:54.648Z"}
{"body":{"email":"eijazkhan9099@gmail.com","otp":"078540"},"level":"error","message":"OTP verify Up Error Invalid OTP","stack":"Error: Invalid OTP\n    at verifyOTP (D:\\eventManagementApp\\concertapp\\backend\\src\\services\\authServices.js:112:34)\n    at verifyOTPCtrl (D:\\eventManagementApp\\concertapp\\backend\\src\\controllers\\authController.js:21:30)\n    at Layer.handleRequest (D:\\eventManagementApp\\concertapp\\backend\\node_modules\\router\\lib\\layer.js:152:17)\n    at next (D:\\eventManagementApp\\concertapp\\backend\\node_modules\\router\\lib\\route.js:157:13)\n    at D:\\eventManagementApp\\concertapp\\backend\\src\\middlewares\\validation.js:6:5\n    at Layer.handleRequest (D:\\eventManagementApp\\concertapp\\backend\\node_modules\\router\\lib\\layer.js:152:17)\n    at next (D:\\eventManagementApp\\concertapp\\backend\\node_modules\\router\\lib\\route.js:157:13)\n    at D:\\eventManagementApp\\concertapp\\backend\\node_modules\\express-rate-limit\\dist\\index.cjs:942:7\n    at process.processTicksAndRejections (node:internal/process/task_queues:105:5)\n    at async D:\\eventManagementApp\\concertapp\\backend\\node_modules\\express-rate-limit\\dist\\index.cjs:825:5","timestamp":"2026-02-07T14:34:54.828Z"}
{"body":{"email":"eijazkhan9099@gmail.com","otp":"078540"},"level":"error","message":"OTP verify Up Error Invalid OTP","stack":"Error: Invalid OTP\n    at verifyOTP (D:\\eventManagementApp\\concertapp\\backend\\src\\services\\authServices.js:112:34)\n    at verifyOTPCtrl (D:\\eventManagementApp\\concertapp\\backend\\src\\controllers\\authController.js:21:30)\n    at Layer.handleRequest (D:\\eventManagementApp\\concertapp\\backend\\node_modules\\router\\lib\\layer.js:152:17)\n    at next (D:\\eventManagementApp\\concertapp\\backend\\node_modules\\router\\lib\\route.js:157:13)\n    at D:\\eventManagementApp\\concertapp\\backend\\src\\middlewares\\validation.js:6:5\n    at Layer.handleRequest (D:\\eventManagementApp\\concertapp\\backend\\node_modules\\router\\lib\\layer.js:152:17)\n    at next (D:\\eventManagementApp\\concertapp\\backend\\node_modules\\router\\lib\\route.js:157:13)\n    at D:\\eventManagementApp\\concertapp\\backend\\node_modules\\express-rate-limit\\dist\\index.cjs:942:7\n    at process.processTicksAndRejections (node:internal/process/task_queues:105:5)\n    at async D:\\eventManagementApp\\concertapp\\backend\\node_modules\\express-rate-limit\\dist\\index.cjs:825:5","timestamp":"2026-02-07T14:34:55.021Z"}
{"body":{"email":"eijazkhan9099@gmail.com","otp":"078540"},"level":"error","message":"OTP verify Up Error Invalid OTP","stack":"Error: Invalid OTP\n    at verifyOTP (D:\\eventManagementApp\\concertapp\\backend\\src\\services\\authServices.js:112:34)\n    at verifyOTPCtrl (D:\\eventManagementApp\\concertapp\\backend\\src\\controllers\\authController.js:21:30)\n    at Layer.handleRequest (D:\\eventManagementApp\\concertapp\\backend\\node_modules\\router\\lib\\layer.js:152:17)\n    at next (D:\\eventManagementApp\\concertapp\\backend\\node_modules\\router\\lib\\route.js:157:13)\n    at D:\\eventManagementApp\\concertapp\\backend\\src\\middlewares\\validation.js:6:5\n    at Layer.handleRequest (D:\\eventManagementApp\\concertapp\\backend\\node_modules\\router\\lib\\layer.js:152:17)\n    at next (D:\\eventManagementApp\\concertapp\\backend\\node_modules\\router\\lib\\route.js:157:13)\n    at D:\\eventManagementApp\\concertapp\\backend\\node_modules\\express-rate-limit\\dist\\index.cjs:942:7\n    at process.processTicksAndRejections (node:internal/process/task_queues:105:5)\n    at async D:\\eventManagementApp\\concertapp\\backend\\node_modules\\express-rate-limit\\dist\\index.cjs:825:5","timestamp":"2026-02-07T14:34:55.328Z"}
{"body":{"email":"eijazkhan9099@gmail.com","otp":"078540"},"level":"error","message":"OTP verify Up Error Invalid OTP","stack":"Error: Invalid OTP\n    at verifyOTP (D:\\eventManagementApp\\concertapp\\backend\\src\\services\\authServices.js:112:34)\n    at verifyOTPCtrl (D:\\eventManagementApp\\concertapp\\backend\\src\\controllers\\authController.js:21:30)\n    at Layer.handleRequest (D:\\eventManagementApp\\concertapp\\backend\\node_modules\\router\\lib\\layer.js:152:17)\n    at next (D:\\eventManagementApp\\concertapp\\backend\\node_modules\\router\\lib\\route.js:157:13)\n    at D:\\eventManagementApp\\concertapp\\backend\\src\\middlewares\\validation.js:6:5\n    at Layer.handleRequest (D:\\eventManagementApp\\concertapp\\backend\\node_modules\\router\\lib\\layer.js:152:17)\n    at next (D:\\eventManagementApp\\concertapp\\backend\\node_modules\\router\\lib\\route.js:157:13)\n    at D:\\eventManagementApp\\concertapp\\backend\\node_modules\\express-rate-limit\\dist\\index.cjs:942:7\n    at process.processTicksAndRejections (node:internal/process/task_queues:105:5)\n    at async D:\\eventManagementApp\\concertapp\\backend\\node_modules\\express-rate-limit\\dist\\index.cjs:825:5","timestamp":"2026-02-07T14:34:56.177Z"}
{"level":"info","message":"email sent","subject":"OTP Verification","timestamp":"2026-02-07T14:36:17.088Z","to":"eijazkhan9099@gmail.com"}
{"email":"eijazkhan9099@gmail.com","level":"info","message":"SignUp success","timestamp":"2026-02-07T14:36:17.089Z"}
{"body":{"email":"eijazkhan9099@gmail.com","otp":"609708"},"level":"error","message":"OTP verify Up Error Invalid OTP","stack":"Error: Invalid OTP\n    at verifyOTP (D:\\eventManagementApp\\concertapp\\backend\\src\\services\\authServices.js:112:34)\n    at verifyOTPCtrl (D:\\eventManagementApp\\concertapp\\backend\\src\\controllers\\authController.js:21:30)\n    at Layer.handleRequest (D:\\eventManagementApp\\concertapp\\backend\\node_modules\\router\\lib\\layer.js:152:17)\n    at next (D:\\eventManagementApp\\concertapp\\backend\\node_modules\\router\\lib\\route.js:157:13)\n    at D:\\eventManagementApp\\concertapp\\backend\\src\\middlewares\\validation.js:6:5\n    at Layer.handleRequest (D:\\eventManagementApp\\concertapp\\backend\\node_modules\\router\\lib\\layer.js:152:17)\n    at next (D:\\eventManagementApp\\concertapp\\backend\\node_modules\\router\\lib\\route.js:157:13)\n    at D:\\eventManagementApp\\concertapp\\backend\\node_modules\\express-rate-limit\\dist\\index.cjs:942:7\n    at process.processTicksAndRejections (node:internal/process/task_queues:105:5)\n    at async D:\\eventManagementApp\\concertapp\\backend\\node_modules\\express-rate-limit\\dist\\index.cjs:825:5","timestamp":"2026-02-07T14:36:35.847Z"}
{"body":{"email":"eijazkhan9099@gmail.com","otp":"609708"},"level":"error","message":"OTP verify Up Error Invalid OTP","stack":"Error: Invalid OTP\n    at verifyOTP (D:\\eventManagementApp\\concertapp\\backend\\src\\services\\authServices.js:112:34)\n    at verifyOTPCtrl (D:\\eventManagementApp\\concertapp\\backend\\src\\controllers\\authController.js:21:30)\n    at Layer.handleRequest (D:\\eventManagementApp\\concertapp\\backend\\node_modules\\router\\lib\\layer.js:152:17)\n    at next (D:\\eventManagementApp\\concertapp\\backend\\node_modules\\router\\lib\\route.js:157:13)\n    at D:\\eventManagementApp\\concertapp\\backend\\src\\middlewares\\validation.js:6:5\n    at Layer.handleRequest (D:\\eventManagementApp\\concertapp\\backend\\node_modules\\router\\lib\\layer.js:152:17)\n    at next (D:\\eventManagementApp\\concertapp\\backend\\node_modules\\router\\lib\\route.js:157:13)\n    at D:\\eventManagementApp\\concertapp\\backend\\node_modules\\express-rate-limit\\dist\\index.cjs:942:7\n    at process.processTicksAndRejections (node:internal/process/task_queues:105:5)\n    at async D:\\eventManagementApp\\concertapp\\backend\\node_modules\\express-rate-limit\\dist\\index.cjs:825:5","timestamp":"2026-02-07T14:36:41.217Z"}
{"body":{"email":"eijazkhan9099@gmail.com","otp":"609708"},"level":"error","message":"OTP verify Up Error Invalid OTP","stack":"Error: Invalid OTP\n    at verifyOTP (D:\\eventManagementApp\\concertapp\\backend\\src\\services\\authServices.js:112:34)\n    at verifyOTPCtrl (D:\\eventManagementApp\\concertapp\\backend\\src\\controllers\\authController.js:21:30)\n    at Layer.handleRequest (D:\\eventManagementApp\\concertapp\\backend\\node_modules\\router\\lib\\layer.js:152:17)\n    at next (D:\\eventManagementApp\\concertapp\\backend\\node_modules\\router\\lib\\route.js:157:13)\n    at D:\\eventManagementApp\\concertapp\\backend\\src\\middlewares\\validation.js:6:5\n    at Layer.handleRequest (D:\\eventManagementApp\\concertapp\\backend\\node_modules\\router\\lib\\layer.js:152:17)\n    at next (D:\\eventManagementApp\\concertapp\\backend\\node_modules\\router\\lib\\route.js:157:13)\n    at D:\\eventManagementApp\\concertapp\\backend\\node_modules\\express-rate-limit\\dist\\index.cjs:942:7\n    at process.processTicksAndRejections (node:internal/process/task_queues:105:5)\n    at async D:\\eventManagementApp\\concertapp\\backend\\node_modules\\express-rate-limit\\dist\\index.cjs:825:5","timestamp":"2026-02-07T14:36:42.215Z"}
{"body":{"email":"eijazkhan9099@gmail.com","otp":"609708"},"level":"error","message":"OTP verify Up Error Invalid OTP","stack":"Error: Invalid OTP\n    at verifyOTP (D:\\eventManagementApp\\concertapp\\backend\\src\\services\\authServices.js:112:34)\n    at verifyOTPCtrl (D:\\eventManagementApp\\concertapp\\backend\\src\\controllers\\authController.js:21:30)\n    at Layer.handleRequest (D:\\eventManagementApp\\concertapp\\backend\\node_modules\\router\\lib\\layer.js:152:17)\n    at next (D:\\eventManagementApp\\concertapp\\backend\\node_modules\\router\\lib\\route.js:157:13)\n    at D:\\eventManagementApp\\concertapp\\backend\\src\\middlewares\\validation.js:6:5\n    at Layer.handleRequest (D:\\eventManagementApp\\concertapp\\backend\\node_modules\\router\\lib\\layer.js:152:17)\n    at next (D:\\eventManagementApp\\concertapp\\backend\\node_modules\\router\\lib\\route.js:157:13)\n    at D:\\eventManagementApp\\concertapp\\backend\\node_modules\\express-rate-limit\\dist\\index.cjs:942:7\n    at process.processTicksAndRejections (node:internal/process/task_queues:105:5)\n    at async D:\\eventManagementApp\\concertapp\\backend\\node_modules\\express-rate-limit\\dist\\index.cjs:825:5","timestamp":"2026-02-07T14:36:42.823Z"}
{"body":{"email":"eijazkhan9099@gmail.com","otp":"609708"},"level":"error","message":"OTP verify Up Error Invalid OTP","stack":"Error: Invalid OTP\n    at verifyOTP (D:\\eventManagementApp\\concertapp\\backend\\src\\services\\authServices.js:112:34)\n    at verifyOTPCtrl (D:\\eventManagementApp\\concertapp\\backend\\src\\controllers\\authController.js:21:30)\n    at Layer.handleRequest (D:\\eventManagementApp\\concertapp\\backend\\node_modules\\router\\lib\\layer.js:152:17)\n    at next (D:\\eventManagementApp\\concertapp\\backend\\node_modules\\router\\lib\\route.js:157:13)\n    at D:\\eventManagementApp\\concertapp\\backend\\src\\middlewares\\validation.js:6:5\n    at Layer.handleRequest (D:\\eventManagementApp\\concertapp\\backend\\node_modules\\router\\lib\\layer.js:152:17)\n    at next (D:\\eventManagementApp\\concertapp\\backend\\node_modules\\router\\lib\\route.js:157:13)\n    at D:\\eventManagementApp\\concertapp\\backend\\node_modules\\express-rate-limit\\dist\\index.cjs:942:7\n    at process.processTicksAndRejections (node:internal/process/task_queues:105:5)\n    at async D:\\eventManagementApp\\concertapp\\backend\\node_modules\\express-rate-limit\\dist\\index.cjs:825:5","timestamp":"2026-02-07T14:36:43.006Z"}
{"body":{"email":"eijazkhan9099@gmail.com","otp":"609708"},"level":"error","message":"OTP verify Up Error Invalid OTP","stack":"Error: Invalid OTP\n    at verifyOTP (D:\\eventManagementApp\\concertapp\\backend\\src\\services\\authServices.js:112:34)\n    at verifyOTPCtrl (D:\\eventManagementApp\\concertapp\\backend\\src\\controllers\\authController.js:21:30)\n    at Layer.handleRequest (D:\\eventManagementApp\\concertapp\\backend\\node_modules\\router\\lib\\layer.js:152:17)\n    at next (D:\\eventManagementApp\\concertapp\\backend\\node_modules\\router\\lib\\route.js:157:13)\n    at D:\\eventManagementApp\\concertapp\\backend\\src\\middlewares\\validation.js:6:5\n    at Layer.handleRequest (D:\\eventManagementApp\\concertapp\\backend\\node_modules\\router\\lib\\layer.js:152:17)\n    at next (D:\\eventManagementApp\\concertapp\\backend\\node_modules\\router\\lib\\route.js:157:13)\n    at D:\\eventManagementApp\\concertapp\\backend\\node_modules\\express-rate-limit\\dist\\index.cjs:942:7\n    at process.processTicksAndRejections (node:internal/process/task_queues:105:5)\n    at async D:\\eventManagementApp\\concertapp\\backend\\node_modules\\express-rate-limit\\dist\\index.cjs:825:5","timestamp":"2026-02-07T14:36:43.185Z"}
{"body":{"email":"eijazkhan9099@gmail.com","otp":"609708"},"level":"error","message":"OTP verify Up Error Invalid OTP","stack":"Error: Invalid OTP\n    at verifyOTP (D:\\eventManagementApp\\concertapp\\backend\\src\\services\\authServices.js:112:34)\n    at verifyOTPCtrl (D:\\eventManagementApp\\concertapp\\backend\\src\\controllers\\authController.js:21:30)\n    at Layer.handleRequest (D:\\eventManagementApp\\concertapp\\backend\\node_modules\\router\\lib\\layer.js:152:17)\n    at next (D:\\eventManagementApp\\concertapp\\backend\\node_modules\\router\\lib\\route.js:157:13)\n    at D:\\eventManagementApp\\concertapp\\backend\\src\\middlewares\\validation.js:6:5\n    at Layer.handleRequest (D:\\eventManagementApp\\concertapp\\backend\\node_modules\\router\\lib\\layer.js:152:17)\n    at next (D:\\eventManagementApp\\concertapp\\backend\\node_modules\\router\\lib\\route.js:157:13)\n    at D:\\eventManagementApp\\concertapp\\backend\\node_modules\\express-rate-limit\\dist\\index.cjs:942:7\n    at process.processTicksAndRejections (node:internal/process/task_queues:105:5)\n    at async D:\\eventManagementApp\\concertapp\\backend\\node_modules\\express-rate-limit\\dist\\index.cjs:825:5","timestamp":"2026-02-07T14:36:44.380Z"}
{"body":{"email":"eijazkhan9099@gmail.com","otp":"609708"},"level":"error","message":"OTP verify Up Error Invalid OTP","stack":"Error: Invalid OTP\n    at verifyOTP (D:\\eventManagementApp\\concertapp\\backend\\src\\services\\authServices.js:112:34)\n    at verifyOTPCtrl (D:\\eventManagementApp\\concertapp\\backend\\src\\controllers\\authController.js:21:30)\n    at Layer.handleRequest (D:\\eventManagementApp\\concertapp\\backend\\node_modules\\router\\lib\\layer.js:152:17)\n    at next (D:\\eventManagementApp\\concertapp\\backend\\node_modules\\router\\lib\\route.js:157:13)\n    at D:\\eventManagementApp\\concertapp\\backend\\src\\middlewares\\validation.js:6:5\n    at Layer.handleRequest (D:\\eventManagementApp\\concertapp\\backend\\node_modules\\router\\lib\\layer.js:152:17)\n    at next (D:\\eventManagementApp\\concertapp\\backend\\node_modules\\router\\lib\\route.js:157:13)\n    at D:\\eventManagementApp\\concertapp\\backend\\node_modules\\express-rate-limit\\dist\\index.cjs:942:7\n    at process.processTicksAndRejections (node:internal/process/task_queues:105:5)\n    at async D:\\eventManagementApp\\concertapp\\backend\\node_modules\\express-rate-limit\\dist\\index.cjs:825:5","timestamp":"2026-02-07T14:36:44.999Z"}
{"body":{"email":"eijazkhan9099@gmail.com","otp":"609708"},"level":"error","message":"OTP verify Up Error Invalid OTP","stack":"Error: Invalid OTP\n    at verifyOTP (D:\\eventManagementApp\\concertapp\\backend\\src\\services\\authServices.js:112:34)\n    at verifyOTPCtrl (D:\\eventManagementApp\\concertapp\\backend\\src\\controllers\\authController.js:21:30)\n    at Layer.handleRequest (D:\\eventManagementApp\\concertapp\\backend\\node_modules\\router\\lib\\layer.js:152:17)\n    at next (D:\\eventManagementApp\\concertapp\\backend\\node_modules\\router\\lib\\route.js:157:13)\n    at D:\\eventManagementApp\\concertapp\\backend\\src\\middlewares\\validation.js:6:5\n    at Layer.handleRequest (D:\\eventManagementApp\\concertapp\\backend\\node_modules\\router\\lib\\layer.js:152:17)\n    at next (D:\\eventManagementApp\\concertapp\\backend\\node_modules\\router\\lib\\route.js:157:13)\n    at D:\\eventManagementApp\\concertapp\\backend\\node_modules\\express-rate-limit\\dist\\index.cjs:942:7\n    at process.processTicksAndRejections (node:internal/process/task_queues:105:5)\n    at async D:\\eventManagementApp\\concertapp\\backend\\node_modules\\express-rate-limit\\dist\\index.cjs:825:5","timestamp":"2026-02-07T14:36:45.662Z"}
{"body":{"email":"eijazkhan9099@gmail.com","otp":"609708"},"level":"error","message":"OTP verify Up Error Invalid OTP","stack":"Error: Invalid OTP\n    at verifyOTP (D:\\eventManagementApp\\concertapp\\backend\\src\\services\\authServices.js:112:34)\n    at verifyOTPCtrl (D:\\eventManagementApp\\concertapp\\backend\\src\\controllers\\authController.js:21:30)\n    at Layer.handleRequest (D:\\eventManagementApp\\concertapp\\backend\\node_modules\\router\\lib\\layer.js:152:17)\n    at next (D:\\eventManagementApp\\concertapp\\backend\\node_modules\\router\\lib\\route.js:157:13)\n    at D:\\eventManagementApp\\concertapp\\backend\\src\\middlewares\\validation.js:6:5\n    at Layer.handleRequest (D:\\eventManagementApp\\concertapp\\backend\\node_modules\\router\\lib\\layer.js:152:17)\n    at next (D:\\eventManagementApp\\concertapp\\backend\\node_modules\\router\\lib\\route.js:157:13)\n    at D:\\eventManagementApp\\concertapp\\backend\\node_modules\\express-rate-limit\\dist\\index.cjs:942:7\n    at process.processTicksAndRejections (node:internal/process/task_queues:105:5)\n    at async D:\\eventManagementApp\\concertapp\\backend\\node_modules\\express-rate-limit\\dist\\index.cjs:825:5","timestamp":"2026-02-07T14:36:46.163Z"}
{"body":{"email":"eijazkhan9099@gmail.com","otp":"609708"},"level":"error","message":"OTP verify Up Error Invalid OTP","stack":"Error: Invalid OTP\n    at verifyOTP (D:\\eventManagementApp\\concertapp\\backend\\src\\services\\authServices.js:112:34)\n    at verifyOTPCtrl (D:\\eventManagementApp\\concertapp\\backend\\src\\controllers\\authController.js:21:30)\n    at Layer.handleRequest (D:\\eventManagementApp\\concertapp\\backend\\node_modules\\router\\lib\\layer.js:152:17)\n    at next (D:\\eventManagementApp\\concertapp\\backend\\node_modules\\router\\lib\\route.js:157:13)\n    at D:\\eventManagementApp\\concertapp\\backend\\src\\middlewares\\validation.js:6:5\n    at Layer.handleRequest (D:\\eventManagementApp\\concertapp\\backend\\node_modules\\router\\lib\\layer.js:152:17)\n    at next (D:\\eventManagementApp\\concertapp\\backend\\node_modules\\router\\lib\\route.js:157:13)\n    at D:\\eventManagementApp\\concertapp\\backend\\node_modules\\express-rate-limit\\dist\\index.cjs:942:7\n    at process.processTicksAndRejections (node:internal/process/task_queues:105:5)\n    at async D:\\eventManagementApp\\concertapp\\backend\\node_modules\\express-rate-limit\\dist\\index.cjs:825:5","timestamp":"2026-02-07T14:36:46.396Z"}
{"body":{"email":"eijazkhan9099@gmail.com","otp":"609708"},"level":"error","message":"OTP verify Up Error Invalid OTP","stack":"Error: Invalid OTP\n    at verifyOTP (D:\\eventManagementApp\\concertapp\\backend\\src\\services\\authServices.js:112:34)\n    at verifyOTPCtrl (D:\\eventManagementApp\\concertapp\\backend\\src\\controllers\\authController.js:21:30)\n    at Layer.handleRequest (D:\\eventManagementApp\\concertapp\\backend\\node_modules\\router\\lib\\layer.js:152:17)\n    at next (D:\\eventManagementApp\\concertapp\\backend\\node_modules\\router\\lib\\route.js:157:13)\n    at D:\\eventManagementApp\\concertapp\\backend\\src\\middlewares\\validation.js:6:5\n    at Layer.handleRequest (D:\\eventManagementApp\\concertapp\\backend\\node_modules\\router\\lib\\layer.js:152:17)\n    at next (D:\\eventManagementApp\\concertapp\\backend\\node_modules\\router\\lib\\route.js:157:13)\n    at D:\\eventManagementApp\\concertapp\\backend\\node_modules\\express-rate-limit\\dist\\index.cjs:942:7\n    at process.processTicksAndRejections (node:internal/process/task_queues:105:5)\n    at async D:\\eventManagementApp\\concertapp\\backend\\node_modules\\express-rate-limit\\dist\\index.cjs:825:5","timestamp":"2026-02-07T14:36:46.611Z"}
{"body":{"email":"eijazkhan9099@gmail.com","otp":"609708"},"level":"error","message":"OTP verify Up Error Invalid OTP","stack":"Error: Invalid OTP\n    at verifyOTP (D:\\eventManagementApp\\concertapp\\backend\\src\\services\\authServices.js:112:34)\n    at verifyOTPCtrl (D:\\eventManagementApp\\concertapp\\backend\\src\\controllers\\authController.js:21:30)\n    at Layer.handleRequest (D:\\eventManagementApp\\concertapp\\backend\\node_modules\\router\\lib\\layer.js:152:17)\n    at next (D:\\eventManagementApp\\concertapp\\backend\\node_modules\\router\\lib\\route.js:157:13)\n    at D:\\eventManagementApp\\concertapp\\backend\\src\\middlewares\\validation.js:6:5\n    at Layer.handleRequest (D:\\eventManagementApp\\concertapp\\backend\\node_modules\\router\\lib\\layer.js:152:17)\n    at next (D:\\eventManagementApp\\concertapp\\backend\\node_modules\\router\\lib\\route.js:157:13)\n    at D:\\eventManagementApp\\concertapp\\backend\\node_modules\\express-rate-limit\\dist\\index.cjs:942:7\n    at process.processTicksAndRejections (node:internal/process/task_queues:105:5)\n    at async D:\\eventManagementApp\\concertapp\\backend\\node_modules\\express-rate-limit\\dist\\index.cjs:825:5","timestamp":"2026-02-07T14:36:46.969Z"}
{"body":{"email":"eijazkhan9099@gmail.com","otp":"609708"},"level":"error","message":"OTP verify Up Error Invalid OTP","stack":"Error: Invalid OTP\n    at verifyOTP (D:\\eventManagementApp\\concertapp\\backend\\src\\services\\authServices.js:112:34)\n    at verifyOTPCtrl (D:\\eventManagementApp\\concertapp\\backend\\src\\controllers\\authController.js:21:30)\n    at Layer.handleRequest (D:\\eventManagementApp\\concertapp\\backend\\node_modules\\router\\lib\\layer.js:152:17)\n    at next (D:\\eventManagementApp\\concertapp\\backend\\node_modules\\router\\lib\\route.js:157:13)\n    at D:\\eventManagementApp\\concertapp\\backend\\src\\middlewares\\validation.js:6:5\n    at Layer.handleRequest (D:\\eventManagementApp\\concertapp\\backend\\node_modules\\router\\lib\\layer.js:152:17)\n    at next (D:\\eventManagementApp\\concertapp\\backend\\node_modules\\router\\lib\\route.js:157:13)\n    at D:\\eventManagementApp\\concertapp\\backend\\node_modules\\express-rate-limit\\dist\\index.cjs:942:7\n    at process.processTicksAndRejections (node:internal/process/task_queues:105:5)\n    at async D:\\eventManagementApp\\concertapp\\backend\\node_modules\\express-rate-limit\\dist\\index.cjs:825:5","timestamp":"2026-02-07T14:36:47.360Z"}
{"body":{"email":"eijazkhan9099@gmail.com","otp":"609708"},"level":"error","message":"OTP verify Up Error Invalid OTP","stack":"Error: Invalid OTP\n    at verifyOTP (D:\\eventManagementApp\\concertapp\\backend\\src\\services\\authServices.js:112:34)\n    at verifyOTPCtrl (D:\\eventManagementApp\\concertapp\\backend\\src\\controllers\\authController.js:21:30)\n    at Layer.handleRequest (D:\\eventManagementApp\\concertapp\\backend\\node_modules\\router\\lib\\layer.js:152:17)\n    at next (D:\\eventManagementApp\\concertapp\\backend\\node_modules\\router\\lib\\route.js:157:13)\n    at D:\\eventManagementApp\\concertapp\\backend\\src\\middlewares\\validation.js:6:5\n    at Layer.handleRequest (D:\\eventManagementApp\\concertapp\\backend\\node_modules\\router\\lib\\layer.js:152:17)\n    at next (D:\\eventManagementApp\\concertapp\\backend\\node_modules\\router\\lib\\route.js:157:13)\n    at D:\\eventManagementApp\\concertapp\\backend\\node_modules\\express-rate-limit\\dist\\index.cjs:942:7\n    at process.processTicksAndRejections (node:internal/process/task_queues:105:5)\n    at async D:\\eventManagementApp\\concertapp\\backend\\node_modules\\express-rate-limit\\dist\\index.cjs:825:5","timestamp":"2026-02-07T14:38:06.506Z"}
{"body":{"email":"eijazkhan9099@gmail.com","otp":"609708"},"level":"error","message":"OTP verify Up Error Invalid OTP","stack":"Error: Invalid OTP\n    at verifyOTP (D:\\eventManagementApp\\concertapp\\backend\\src\\services\\authServices.js:112:34)\n    at verifyOTPCtrl (D:\\eventManagementApp\\concertapp\\backend\\src\\controllers\\authController.js:21:30)\n    at Layer.handleRequest (D:\\eventManagementApp\\concertapp\\backend\\node_modules\\router\\lib\\layer.js:152:17)\n    at next (D:\\eventManagementApp\\concertapp\\backend\\node_modules\\router\\lib\\route.js:157:13)\n    at D:\\eventManagementApp\\concertapp\\backend\\src\\middlewares\\validation.js:6:5\n    at Layer.handleRequest (D:\\eventManagementApp\\concertapp\\backend\\node_modules\\router\\lib\\layer.js:152:17)\n    at next (D:\\eventManagementApp\\concertapp\\backend\\node_modules\\router\\lib\\route.js:157:13)\n    at D:\\eventManagementApp\\concertapp\\backend\\node_modules\\express-rate-limit\\dist\\index.cjs:942:7\n    at process.processTicksAndRejections (node:internal/process/task_queues:105:5)\n    at async D:\\eventManagementApp\\concertapp\\backend\\node_modules\\express-rate-limit\\dist\\index.cjs:825:5","timestamp":"2026-02-07T14:38:06.937Z"}
{"body":{"email":"eijazkhan9099@gmail.com","otp":"609708"},"level":"error","message":"OTP verify Up Error Invalid OTP","stack":"Error: Invalid OTP\n    at verifyOTP (D:\\eventManagementApp\\concertapp\\backend\\src\\services\\authServices.js:112:34)\n    at verifyOTPCtrl (D:\\eventManagementApp\\concertapp\\backend\\src\\controllers\\authController.js:21:30)\n    at Layer.handleRequest (D:\\eventManagementApp\\concertapp\\backend\\node_modules\\router\\lib\\layer.js:152:17)\n    at next (D:\\eventManagementApp\\concertapp\\backend\\node_modules\\router\\lib\\route.js:157:13)\n    at D:\\eventManagementApp\\concertapp\\backend\\src\\middlewares\\validation.js:6:5\n    at Layer.handleRequest (D:\\eventManagementApp\\concertapp\\backend\\node_modules\\router\\lib\\layer.js:152:17)\n    at next (D:\\eventManagementApp\\concertapp\\backend\\node_modules\\router\\lib\\route.js:157:13)\n    at D:\\eventManagementApp\\concertapp\\backend\\node_modules\\express-rate-limit\\dist\\index.cjs:942:7\n    at process.processTicksAndRejections (node:internal/process/task_queues:105:5)\n    at async D:\\eventManagementApp\\concertapp\\backend\\node_modules\\express-rate-limit\\dist\\index.cjs:825:5","timestamp":"2026-02-07T14:38:07.167Z"}
{"body":{"email":"eijazkhan9099@gmail.com","otp":"609708"},"level":"error","message":"OTP verify Up Error Invalid OTP","stack":"Error: Invalid OTP\n    at verifyOTP (D:\\eventManagementApp\\concertapp\\backend\\src\\services\\authServices.js:112:34)\n    at verifyOTPCtrl (D:\\eventManagementApp\\concertapp\\backend\\src\\controllers\\authController.js:21:30)\n    at Layer.handleRequest (D:\\eventManagementApp\\concertapp\\backend\\node_modules\\router\\lib\\layer.js:152:17)\n    at next (D:\\eventManagementApp\\concertapp\\backend\\node_modules\\router\\lib\\route.js:157:13)\n    at D:\\eventManagementApp\\concertapp\\backend\\src\\middlewares\\validation.js:6:5\n    at Layer.handleRequest (D:\\eventManagementApp\\concertapp\\backend\\node_modules\\router\\lib\\layer.js:152:17)\n    at next (D:\\eventManagementApp\\concertapp\\backend\\node_modules\\router\\lib\\route.js:157:13)\n    at D:\\eventManagementApp\\concertapp\\backend\\node_modules\\express-rate-limit\\dist\\index.cjs:942:7\n    at process.processTicksAndRejections (node:internal/process/task_queues:105:5)\n    at async D:\\eventManagementApp\\concertapp\\backend\\node_modules\\express-rate-limit\\dist\\index.cjs:825:5","timestamp":"2026-02-07T14:38:07.358Z"}
{"body":{"email":"eijazkhan9099@gmail.com","otp":"609708"},"level":"error","message":"OTP verify Up Error Invalid OTP","stack":"Error: Invalid OTP\n    at verifyOTP (D:\\eventManagementApp\\concertapp\\backend\\src\\services\\authServices.js:112:34)\n    at verifyOTPCtrl (D:\\eventManagementApp\\concertapp\\backend\\src\\controllers\\authController.js:21:30)\n    at Layer.handleRequest (D:\\eventManagementApp\\concertapp\\backend\\node_modules\\router\\lib\\layer.js:152:17)\n    at next (D:\\eventManagementApp\\concertapp\\backend\\node_modules\\router\\lib\\route.js:157:13)\n    at D:\\eventManagementApp\\concertapp\\backend\\src\\middlewares\\validation.js:6:5\n    at Layer.handleRequest (D:\\eventManagementApp\\concertapp\\backend\\node_modules\\router\\lib\\layer.js:152:17)\n    at next (D:\\eventManagementApp\\concertapp\\backend\\node_modules\\router\\lib\\route.js:157:13)\n    at D:\\eventManagementApp\\concertapp\\backend\\node_modules\\express-rate-limit\\dist\\index.cjs:942:7\n    at process.processTicksAndRejections (node:internal/process/task_queues:105:5)\n    at async D:\\eventManagementApp\\concertapp\\backend\\node_modules\\express-rate-limit\\dist\\index.cjs:825:5","timestamp":"2026-02-07T14:38:07.566Z"}
{"body":{"email":"eijazkhan9099@gmail.com","otp":"609708"},"level":"error","message":"OTP verify Up Error Invalid OTP","stack":"Error: Invalid OTP\n    at verifyOTP (D:\\eventManagementApp\\concertapp\\backend\\src\\services\\authServices.js:112:34)\n    at verifyOTPCtrl (D:\\eventManagementApp\\concertapp\\backend\\src\\controllers\\authController.js:21:30)\n    at Layer.handleRequest (D:\\eventManagementApp\\concertapp\\backend\\node_modules\\router\\lib\\layer.js:152:17)\n    at next (D:\\eventManagementApp\\concertapp\\backend\\node_modules\\router\\lib\\route.js:157:13)\n    at D:\\eventManagementApp\\concertapp\\backend\\src\\middlewares\\validation.js:6:5\n    at Layer.handleRequest (D:\\eventManagementApp\\concertapp\\backend\\node_modules\\router\\lib\\layer.js:152:17)\n    at next (D:\\eventManagementApp\\concertapp\\backend\\node_modules\\router\\lib\\route.js:157:13)\n    at D:\\eventManagementApp\\concertapp\\backend\\node_modules\\express-rate-limit\\dist\\index.cjs:942:7\n    at process.processTicksAndRejections (node:internal/process/task_queues:105:5)\n    at async D:\\eventManagementApp\\concertapp\\backend\\node_modules\\express-rate-limit\\dist\\index.cjs:825:5","timestamp":"2026-02-07T14:38:07.800Z"}
{"body":{"email":"eijazkhan9099@gmail.com","otp":"609708"},"level":"error","message":"OTP verify Up Error Invalid OTP","stack":"Error: Invalid OTP\n    at verifyOTP (D:\\eventManagementApp\\concertapp\\backend\\src\\services\\authServices.js:112:34)\n    at verifyOTPCtrl (D:\\eventManagementApp\\concertapp\\backend\\src\\controllers\\authController.js:21:30)\n    at Layer.handleRequest (D:\\eventManagementApp\\concertapp\\backend\\node_modules\\router\\lib\\layer.js:152:17)\n    at next (D:\\eventManagementApp\\concertapp\\backend\\node_modules\\router\\lib\\route.js:157:13)\n    at D:\\eventManagementApp\\concertapp\\backend\\src\\middlewares\\validation.js:6:5\n    at Layer.handleRequest (D:\\eventManagementApp\\concertapp\\backend\\node_modules\\router\\lib\\layer.js:152:17)\n    at next (D:\\eventManagementApp\\concertapp\\backend\\node_modules\\router\\lib\\route.js:157:13)\n    at D:\\eventManagementApp\\concertapp\\backend\\node_modules\\express-rate-limit\\dist\\index.cjs:942:7\n    at process.processTicksAndRejections (node:internal/process/task_queues:105:5)\n    at async D:\\eventManagementApp\\concertapp\\backend\\node_modules\\express-rate-limit\\dist\\index.cjs:825:5","timestamp":"2026-02-07T14:38:07.997Z"}
{"body":{"email":"eijazkhan9099@gmail.com","otp":"609708"},"level":"error","message":"OTP verify Up Error Invalid OTP","stack":"Error: Invalid OTP\n    at verifyOTP (D:\\eventManagementApp\\concertapp\\backend\\src\\services\\authServices.js:112:34)\n    at verifyOTPCtrl (D:\\eventManagementApp\\concertapp\\backend\\src\\controllers\\authController.js:21:30)\n    at Layer.handleRequest (D:\\eventManagementApp\\concertapp\\backend\\node_modules\\router\\lib\\layer.js:152:17)\n    at next (D:\\eventManagementApp\\concertapp\\backend\\node_modules\\router\\lib\\route.js:157:13)\n    at D:\\eventManagementApp\\concertapp\\backend\\src\\middlewares\\validation.js:6:5\n    at Layer.handleRequest (D:\\eventManagementApp\\concertapp\\backend\\node_modules\\router\\lib\\layer.js:152:17)\n    at next (D:\\eventManagementApp\\concertapp\\backend\\node_modules\\router\\lib\\route.js:157:13)\n    at D:\\eventManagementApp\\concertapp\\backend\\node_modules\\express-rate-limit\\dist\\index.cjs:942:7\n    at process.processTicksAndRejections (node:internal/process/task_queues:105:5)\n    at async D:\\eventManagementApp\\concertapp\\backend\\node_modules\\express-rate-limit\\dist\\index.cjs:825:5","timestamp":"2026-02-07T14:38:08.331Z"}
{"level":"info","message":"email sent","subject":"OTP Verification","timestamp":"2026-02-07T14:38:24.302Z","to":"eijazkhan9099@gmail.com"}
{"email":"eijazkhan9099@gmail.com","level":"info","message":"SignUp success","timestamp":"2026-02-07T14:38:24.303Z"}
{"body":{"email":"eijazkhan9099@gmail.com","otp":"502958"},"level":"error","message":"OTP verify Up Error secretOrPrivateKey must have a value","stack":"Error: secretOrPrivateKey must have a value\n    at module.exports [as sign] (D:\\eventManagementApp\\concertapp\\backend\\node_modules\\jsonwebtoken\\sign.js:111:20)\n    at generateAccessToken (D:\\eventManagementApp\\concertapp\\backend\\src\\utils\\jwt.js:4:16)\n    at verifyOTP (D:\\eventManagementApp\\concertapp\\backend\\src\\services\\authServices.js:117:25)\n    at async verifyOTPCtrl (D:\\eventManagementApp\\concertapp\\backend\\src\\controllers\\authController.js:21:24)","timestamp":"2026-02-07T14:38:48.612Z"}
{"body":{"email":"eijazkhan9099@gmail.com","otp":"502958"},"level":"error","message":"OTP verify Up Error secretOrPrivateKey must have a value","stack":"Error: secretOrPrivateKey must have a value\n    at module.exports [as sign] (D:\\eventManagementApp\\concertapp\\backend\\node_modules\\jsonwebtoken\\sign.js:111:20)\n    at generateAccessToken (D:\\eventManagementApp\\concertapp\\backend\\src\\utils\\jwt.js:4:16)\n    at verifyOTP (D:\\eventManagementApp\\concertapp\\backend\\src\\services\\authServices.js:117:25)\n    at async verifyOTPCtrl (D:\\eventManagementApp\\concertapp\\backend\\src\\controllers\\authController.js:21:24)","timestamp":"2026-02-07T14:38:51.489Z"}
{"body":{"email":"eijazkhan9099@gmail.com","otp":"502958"},"level":"error","message":"OTP verify Up Error secretOrPrivateKey must have a value","stack":"Error: secretOrPrivateKey must have a value\n    at module.exports [as sign] (D:\\eventManagementApp\\concertapp\\backend\\node_modules\\jsonwebtoken\\sign.js:111:20)\n    at generateAccessToken (D:\\eventManagementApp\\concertapp\\backend\\src\\utils\\jwt.js:4:16)\n    at verifyOTP (D:\\eventManagementApp\\concertapp\\backend\\src\\services\\authServices.js:117:25)\n    at async verifyOTPCtrl (D:\\eventManagementApp\\concertapp\\backend\\src\\controllers\\authController.js:21:24)","timestamp":"2026-02-07T14:38:52.990Z"}
{"body":{"email":"eijazkhan9099@gmail.com","otp":"502958"},"level":"error","message":"OTP verify Up Error secretOrPrivateKey must have a value","stack":"Error: secretOrPrivateKey must have a value\n    at module.exports [as sign] (D:\\eventManagementApp\\concertapp\\backend\\node_modules\\jsonwebtoken\\sign.js:111:20)\n    at generateAccessToken (D:\\eventManagementApp\\concertapp\\backend\\src\\utils\\jwt.js:4:16)\n    at verifyOTP (D:\\eventManagementApp\\concertapp\\backend\\src\\services\\authServices.js:117:25)\n    at async verifyOTPCtrl (D:\\eventManagementApp\\concertapp\\backend\\src\\controllers\\authController.js:21:24)","timestamp":"2026-02-07T14:38:53.695Z"}
{"body":{"email":"eijazkhan9099@gmail.com","otp":"502958"},"level":"error","message":"OTP verify Up Error secretOrPrivateKey must have a value","stack":"Error: secretOrPrivateKey must have a value\n    at module.exports [as sign] (D:\\eventManagementApp\\concertapp\\backend\\node_modules\\jsonwebtoken\\sign.js:111:20)\n    at generateAccessToken (D:\\eventManagementApp\\concertapp\\backend\\src\\utils\\jwt.js:4:16)\n    at verifyOTP (D:\\eventManagementApp\\concertapp\\backend\\src\\services\\authServices.js:117:25)\n    at async verifyOTPCtrl (D:\\eventManagementApp\\concertapp\\backend\\src\\controllers\\authController.js:21:24)","timestamp":"2026-02-07T14:38:54.103Z"}
{"body":{"email":"eijazkhan9099@gmail.com","otp":"502958"},"level":"error","message":"OTP verify Up Error secretOrPrivateKey must have a value","stack":"Error: secretOrPrivateKey must have a value\n    at module.exports [as sign] (D:\\eventManagementApp\\concertapp\\backend\\node_modules\\jsonwebtoken\\sign.js:111:20)\n    at generateAccessToken (D:\\eventManagementApp\\concertapp\\backend\\src\\utils\\jwt.js:4:16)\n    at verifyOTP (D:\\eventManagementApp\\concertapp\\backend\\src\\services\\authServices.js:117:25)\n    at async verifyOTPCtrl (D:\\eventManagementApp\\concertapp\\backend\\src\\controllers\\authController.js:21:24)","timestamp":"2026-02-07T14:38:54.294Z"}
{"body":{"email":"eijazkhan9099@gmail.com","otp":"502958"},"level":"error","message":"OTP verify Up Error secretOrPrivateKey must have a value","stack":"Error: secretOrPrivateKey must have a value\n    at module.exports [as sign] (D:\\eventManagementApp\\concertapp\\backend\\node_modules\\jsonwebtoken\\sign.js:111:20)\n    at generateAccessToken (D:\\eventManagementApp\\concertapp\\backend\\src\\utils\\jwt.js:4:16)\n    at verifyOTP (D:\\eventManagementApp\\concertapp\\backend\\src\\services\\authServices.js:117:25)\n    at async verifyOTPCtrl (D:\\eventManagementApp\\concertapp\\backend\\src\\controllers\\authController.js:21:24)","timestamp":"2026-02-07T14:38:54.867Z"}
{"body":{"email":"eijazkhan9099@gmail.com","otp":"502958"},"level":"error","message":"OTP verify Up Error secretOrPrivateKey must have a value","stack":"Error: secretOrPrivateKey must have a value\n    at module.exports [as sign] (D:\\eventManagementApp\\concertapp\\backend\\node_modules\\jsonwebtoken\\sign.js:111:20)\n    at generateAccessToken (D:\\eventManagementApp\\concertapp\\backend\\src\\utils\\jwt.js:4:16)\n    at verifyOTP (D:\\eventManagementApp\\concertapp\\backend\\src\\services\\authServices.js:117:25)\n    at async verifyOTPCtrl (D:\\eventManagementApp\\concertapp\\backend\\src\\controllers\\authController.js:21:24)","timestamp":"2026-02-07T14:38:55.263Z"}
{"body":{"email":"eijazkhan9099@gmail.com","otp":"502958"},"level":"error","message":"OTP verify Up Error secretOrPrivateKey must have a value","stack":"Error: secretOrPrivateKey must have a value\n    at module.exports [as sign] (D:\\eventManagementApp\\concertapp\\backend\\node_modules\\jsonwebtoken\\sign.js:111:20)\n    at generateAccessToken (D:\\eventManagementApp\\concertapp\\backend\\src\\utils\\jwt.js:4:16)\n    at verifyOTP (D:\\eventManagementApp\\concertapp\\backend\\src\\services\\authServices.js:117:25)\n    at async verifyOTPCtrl (D:\\eventManagementApp\\concertapp\\backend\\src\\controllers\\authController.js:21:24)","timestamp":"2026-02-07T14:38:55.682Z"}
{"level":"info","message":"email sent","subject":"OTP Verification","timestamp":"2026-02-07T14:43:59.879Z","to":"eijazkhan9099@gmail.com"}
{"email":"eijazkhan9099@gmail.com","level":"info","message":"SignUp success","timestamp":"2026-02-07T14:43:59.880Z"}
{"body":{"email":"eijazkhan9099@gmail.com","otp":"904492"},"level":"error","message":"OTP verify Up Error secretOrPrivateKey must have a value","stack":"Error: secretOrPrivateKey must have a value\n    at module.exports [as sign] (D:\\eventManagementApp\\concertapp\\backend\\node_modules\\jsonwebtoken\\sign.js:111:20)\n    at generateAccessToken (D:\\eventManagementApp\\concertapp\\backend\\src\\utils\\jwt.js:4:16)\n    at verifyOTP (D:\\eventManagementApp\\concertapp\\backend\\src\\services\\authServices.js:117:25)\n    at async verifyOTPCtrl (D:\\eventManagementApp\\concertapp\\backend\\src\\controllers\\authController.js:21:24)","timestamp":"2026-02-07T14:44:18.811Z"}
{"body":{"email":"eijazkhan9099@gmail.com","otp":"904492"},"level":"error","message":"OTP verify Up Error secretOrPrivateKey must have a value","stack":"Error: secretOrPrivateKey must have a value\n    at module.exports [as sign] (D:\\eventManagementApp\\concertapp\\backend\\node_modules\\jsonwebtoken\\sign.js:111:20)\n    at generateAccessToken (D:\\eventManagementApp\\concertapp\\backend\\src\\utils\\jwt.js:4:16)\n    at verifyOTP (D:\\eventManagementApp\\concertapp\\backend\\src\\services\\authServices.js:117:25)\n    at async verifyOTPCtrl (D:\\eventManagementApp\\concertapp\\backend\\src\\controllers\\authController.js:21:24)","timestamp":"2026-02-07T14:44:24.623Z"}
{"body":{"email":"eijazkhan9099@gmail.com","otp":"904492"},"level":"error","message":"OTP verify Up Error secretOrPrivateKey must have a value","stack":"Error: secretOrPrivateKey must have a value\n    at module.exports [as sign] (D:\\eventManagementApp\\concertapp\\backend\\node_modules\\jsonwebtoken\\sign.js:111:20)\n    at generateAccessToken (D:\\eventManagementApp\\concertapp\\backend\\src\\utils\\jwt.js:4:16)\n    at verifyOTP (D:\\eventManagementApp\\concertapp\\backend\\src\\services\\authServices.js:117:25)\n    at async verifyOTPCtrl (D:\\eventManagementApp\\concertapp\\backend\\src\\controllers\\authController.js:21:24)","timestamp":"2026-02-07T14:44:27.955Z"}
{"body":{"email":"eijazkhan9099@gmail.com","otp":"904492"},"level":"error","message":"OTP verify Up Error secretOrPrivateKey must have a value","stack":"Error: secretOrPrivateKey must have a value\n    at module.exports [as sign] (D:\\eventManagementApp\\concertapp\\backend\\node_modules\\jsonwebtoken\\sign.js:111:20)\n    at generateAccessToken (D:\\eventManagementApp\\concertapp\\backend\\src\\utils\\jwt.js:4:16)\n    at verifyOTP (D:\\eventManagementApp\\concertapp\\backend\\src\\services\\authServices.js:117:25)\n    at async verifyOTPCtrl (D:\\eventManagementApp\\concertapp\\backend\\src\\controllers\\authController.js:21:24)","timestamp":"2026-02-07T14:46:06.851Z"}
{"level":"info","message":"email sent","subject":"OTP Verification","timestamp":"2026-02-07T14:47:48.700Z","to":"eijazkhan9099@gmail.com"}
{"email":"eijazkhan9099@gmail.com","level":"info","message":"SignUp success","timestamp":"2026-02-07T14:47:48.701Z"}
{"body":{"email":"eijazkhan9099@gmail.com","otp":"577639"},"level":"error","message":"OTP verify Up Error secretOrPrivateKey must have a value","stack":"Error: secretOrPrivateKey must have a value\n    at module.exports [as sign] (D:\\eventManagementApp\\concertapp\\backend\\node_modules\\jsonwebtoken\\sign.js:111:20)\n    at generateAccessToken (D:\\eventManagementApp\\concertapp\\backend\\src\\utils\\jwt.js:4:16)\n    at verifyOTP (D:\\eventManagementApp\\concertapp\\backend\\src\\services\\authServices.js:117:25)\n    at async verifyOTPCtrl (D:\\eventManagementApp\\concertapp\\backend\\src\\controllers\\authController.js:21:24)","timestamp":"2026-02-07T14:48:07.931Z"}
{"body":{"email":"eijazkhan9099@gmail.com","otp":"577639"},"level":"error","message":"OTP verify Up Error secretOrPrivateKey must have a value","stack":"Error: secretOrPrivateKey must have a value\n    at module.exports [as sign] (D:\\eventManagementApp\\concertapp\\backend\\node_modules\\jsonwebtoken\\sign.js:111:20)\n    at generateAccessToken (D:\\eventManagementApp\\concertapp\\backend\\src\\utils\\jwt.js:4:16)\n    at verifyOTP (D:\\eventManagementApp\\concertapp\\backend\\src\\services\\authServices.js:117:25)\n    at async verifyOTPCtrl (D:\\eventManagementApp\\concertapp\\backend\\src\\controllers\\authController.js:21:24)","timestamp":"2026-02-07T14:48:13.574Z"}
{"body":{"email":"eijazkhan9099@gmail.com","otp":"577639"},"level":"error","message":"OTP verify Up Error secretOrPrivateKey must have a value","stack":"Error: secretOrPrivateKey must have a value\n    at module.exports [as sign] (D:\\eventManagementApp\\concertapp\\backend\\node_modules\\jsonwebtoken\\sign.js:111:20)\n    at generateAccessToken (D:\\eventManagementApp\\concertapp\\backend\\src\\utils\\jwt.js:4:16)\n    at verifyOTP (D:\\eventManagementApp\\concertapp\\backend\\src\\services\\authServices.js:117:25)\n    at async verifyOTPCtrl (D:\\eventManagementApp\\concertapp\\backend\\src\\controllers\\authController.js:21:24)","timestamp":"2026-02-07T14:48:16.534Z"}
{"body":{"email":"eijazkhan9099@gmail.com","otp":"577639"},"level":"error","message":"OTP verify Up Error secretOrPrivateKey must have a value","stack":"Error: secretOrPrivateKey must have a value\n    at module.exports [as sign] (D:\\eventManagementApp\\concertapp\\backend\\node_modules\\jsonwebtoken\\sign.js:111:20)\n    at generateAccessToken (D:\\eventManagementApp\\concertapp\\backend\\src\\utils\\jwt.js:4:16)\n    at verifyOTP (D:\\eventManagementApp\\concertapp\\backend\\src\\services\\authServices.js:117:25)\n    at async verifyOTPCtrl (D:\\eventManagementApp\\concertapp\\backend\\src\\controllers\\authController.js:21:24)","timestamp":"2026-02-07T14:48:18.980Z"}
{"body":{"email":"eijazkhan9099@gmail.com","otp":"577639"},"level":"error","message":"OTP verify Up Error secretOrPrivateKey must have a value","stack":"Error: secretOrPrivateKey must have a value\n    at module.exports [as sign] (D:\\eventManagementApp\\concertapp\\backend\\node_modules\\jsonwebtoken\\sign.js:111:20)\n    at generateAccessToken (D:\\eventManagementApp\\concertapp\\backend\\src\\utils\\jwt.js:4:16)\n    at verifyOTP (D:\\eventManagementApp\\concertapp\\backend\\src\\services\\authServices.js:117:25)\n    at async verifyOTPCtrl (D:\\eventManagementApp\\concertapp\\backend\\src\\controllers\\authController.js:21:24)","timestamp":"2026-02-07T14:48:19.660Z"}
{"body":{"email":"eijazkhan9099@gmail.com","otp":"577639"},"level":"error","message":"OTP verify Up Error secretOrPrivateKey must have a value","stack":"Error: secretOrPrivateKey must have a value\n    at module.exports [as sign] (D:\\eventManagementApp\\concertapp\\backend\\node_modules\\jsonwebtoken\\sign.js:111:20)\n    at generateAccessToken (D:\\eventManagementApp\\concertapp\\backend\\src\\utils\\jwt.js:4:16)\n    at verifyOTP (D:\\eventManagementApp\\concertapp\\backend\\src\\services\\authServices.js:117:25)\n    at async verifyOTPCtrl (D:\\eventManagementApp\\concertapp\\backend\\src\\controllers\\authController.js:21:24)","timestamp":"2026-02-07T14:48:24.920Z"}
{"body":{"email":"eijazkhan9099@gmail.com","otp":"577639"},"level":"error","message":"OTP verify Up Error secretOrPrivateKey must have a value","stack":"Error: secretOrPrivateKey must have a value\n    at module.exports [as sign] (D:\\eventManagementApp\\concertapp\\backend\\node_modules\\jsonwebtoken\\sign.js:111:20)\n    at generateAccessToken (D:\\eventManagementApp\\concertapp\\backend\\src\\utils\\jwt.js:4:16)\n    at verifyOTP (D:\\eventManagementApp\\concertapp\\backend\\src\\services\\authServices.js:117:25)\n    at async verifyOTPCtrl (D:\\eventManagementApp\\concertapp\\backend\\src\\controllers\\authController.js:21:24)","timestamp":"2026-02-07T14:48:42.263Z"}
{"level":"info","message":"email sent","subject":"OTP Verification","timestamp":"2026-02-07T14:52:15.195Z","to":"eijazkhan9099@gmail.com"}
{"email":"eijazkhan9099@gmail.com","level":"info","message":"SignUp success","timestamp":"2026-02-07T14:52:15.196Z"}
{"body":{"email":"eijazkhan9099@gmail.com","otp":"338395"},"level":"error","message":"OTP verify Up Error secretOrPrivateKey must have a value","stack":"Error: secretOrPrivateKey must have a value\n    at module.exports [as sign] (D:\\eventManagementApp\\concertapp\\backend\\node_modules\\jsonwebtoken\\sign.js:111:20)\n    at generateAccessToken (D:\\eventManagementApp\\concertapp\\backend\\src\\utils\\jwt.js:4:16)\n    at verifyOTP (D:\\eventManagementApp\\concertapp\\backend\\src\\services\\authServices.js:117:25)\n    at async verifyOTPCtrl (D:\\eventManagementApp\\concertapp\\backend\\src\\controllers\\authController.js:21:24)","timestamp":"2026-02-07T14:52:32.508Z"}
{"body":{"email":"eijazkhan9099@gmail.com","otp":"338395"},"level":"error","message":"OTP verify Up Error secretOrPrivateKey must have a value","stack":"Error: secretOrPrivateKey must have a value\n    at module.exports [as sign] (D:\\eventManagementApp\\concertapp\\backend\\node_modules\\jsonwebtoken\\sign.js:111:20)\n    at generateAccessToken (D:\\eventManagementApp\\concertapp\\backend\\src\\utils\\jwt.js:4:16)\n    at verifyOTP (D:\\eventManagementApp\\concertapp\\backend\\src\\services\\authServices.js:117:25)\n    at async verifyOTPCtrl (D:\\eventManagementApp\\concertapp\\backend\\src\\controllers\\authController.js:21:24)","timestamp":"2026-02-07T14:52:42.453Z"}
{"body":{"email":"eijazkhan9099@gmail.com","otp":"338395"},"level":"error","message":"OTP verify Up Error secretOrPrivateKey must have a value","stack":"Error: secretOrPrivateKey must have a value\n    at module.exports [as sign] (D:\\eventManagementApp\\concertapp\\backend\\node_modules\\jsonwebtoken\\sign.js:111:20)\n    at generateAccessToken (D:\\eventManagementApp\\concertapp\\backend\\src\\utils\\jwt.js:4:16)\n    at verifyOTP (D:\\eventManagementApp\\concertapp\\backend\\src\\services\\authServices.js:117:25)\n    at async verifyOTPCtrl (D:\\eventManagementApp\\concertapp\\backend\\src\\controllers\\authController.js:21:24)","timestamp":"2026-02-07T14:52:43.755Z"}
{"body":{"email":"eijazkhan9099@gmail.com","otp":"338395"},"level":"error","message":"OTP verify Up Error secretOrPrivateKey must have a value","stack":"Error: secretOrPrivateKey must have a value\n    at module.exports [as sign] (D:\\eventManagementApp\\concertapp\\backend\\node_modules\\jsonwebtoken\\sign.js:111:20)\n    at generateAccessToken (D:\\eventManagementApp\\concertapp\\backend\\src\\utils\\jwt.js:4:16)\n    at verifyOTP (D:\\eventManagementApp\\concertapp\\backend\\src\\services\\authServices.js:117:25)\n    at async verifyOTPCtrl (D:\\eventManagementApp\\concertapp\\backend\\src\\controllers\\authController.js:21:24)","timestamp":"2026-02-07T14:52:44.588Z"}
{"body":{"email":"eijazkhan9099@gmail.com","otp":"338395"},"level":"error","message":"OTP verify Up Error secretOrPrivateKey must have a value","stack":"Error: secretOrPrivateKey must have a value\n    at module.exports [as sign] (D:\\eventManagementApp\\concertapp\\backend\\node_modules\\jsonwebtoken\\sign.js:111:20)\n    at generateAccessToken (D:\\eventManagementApp\\concertapp\\backend\\src\\utils\\jwt.js:4:16)\n    at verifyOTP (D:\\eventManagementApp\\concertapp\\backend\\src\\services\\authServices.js:117:25)\n    at async verifyOTPCtrl (D:\\eventManagementApp\\concertapp\\backend\\src\\controllers\\authController.js:21:24)","timestamp":"2026-02-07T14:52:44.874Z"}
{"body":{"email":"eijazkhan9099@gmail.com","otp":"338395"},"level":"error","message":"OTP verify Up Error secretOrPrivateKey must have a value","stack":"Error: secretOrPrivateKey must have a value\n    at module.exports [as sign] (D:\\eventManagementApp\\concertapp\\backend\\node_modules\\jsonwebtoken\\sign.js:111:20)\n    at generateAccessToken (D:\\eventManagementApp\\concertapp\\backend\\src\\utils\\jwt.js:4:16)\n    at verifyOTP (D:\\eventManagementApp\\concertapp\\backend\\src\\services\\authServices.js:117:25)\n    at async verifyOTPCtrl (D:\\eventManagementApp\\concertapp\\backend\\src\\controllers\\authController.js:21:24)","timestamp":"2026-02-07T14:52:45.077Z"}
{"body":{"email":"eijazkhan9099@gmail.com","otp":"338395"},"level":"error","message":"OTP verify Up Error secretOrPrivateKey must have a value","stack":"Error: secretOrPrivateKey must have a value\n    at module.exports [as sign] (D:\\eventManagementApp\\concertapp\\backend\\node_modules\\jsonwebtoken\\sign.js:111:20)\n    at generateAccessToken (D:\\eventManagementApp\\concertapp\\backend\\src\\utils\\jwt.js:4:16)\n    at verifyOTP (D:\\eventManagementApp\\concertapp\\backend\\src\\services\\authServices.js:117:25)\n    at async verifyOTPCtrl (D:\\eventManagementApp\\concertapp\\backend\\src\\controllers\\authController.js:21:24)","timestamp":"2026-02-07T14:52:45.311Z"}
{"body":{"email":"eijazkhan9099@gmail.com","otp":"338395"},"level":"error","message":"OTP verify Up Error secretOrPrivateKey must have a value","stack":"Error: secretOrPrivateKey must have a value\n    at module.exports [as sign] (D:\\eventManagementApp\\concertapp\\backend\\node_modules\\jsonwebtoken\\sign.js:111:20)\n    at generateAccessToken (D:\\eventManagementApp\\concertapp\\backend\\src\\utils\\jwt.js:4:16)\n    at verifyOTP (D:\\eventManagementApp\\concertapp\\backend\\src\\services\\authServices.js:117:25)\n    at async verifyOTPCtrl (D:\\eventManagementApp\\concertapp\\backend\\src\\controllers\\authController.js:21:24)","timestamp":"2026-02-07T14:52:45.567Z"}
{"body":{"email":"eijazkhan9099@gmail.com","otp":"338395"},"level":"error","message":"OTP verify Up Error secretOrPrivateKey must have a value","stack":"Error: secretOrPrivateKey must have a value\n    at module.exports [as sign] (D:\\eventManagementApp\\concertapp\\backend\\node_modules\\jsonwebtoken\\sign.js:111:20)\n    at generateAccessToken (D:\\eventManagementApp\\concertapp\\backend\\src\\utils\\jwt.js:4:16)\n    at verifyOTP (D:\\eventManagementApp\\concertapp\\backend\\src\\services\\authServices.js:117:25)\n    at async verifyOTPCtrl (D:\\eventManagementApp\\concertapp\\backend\\src\\controllers\\authController.js:21:24)","timestamp":"2026-02-07T14:52:45.772Z"}
{"body":{"email":"eijazkhan9099@gmail.com","otp":"338395"},"level":"error","message":"OTP verify Up Error secretOrPrivateKey must have a value","stack":"Error: secretOrPrivateKey must have a value\n    at module.exports [as sign] (D:\\eventManagementApp\\concertapp\\backend\\node_modules\\jsonwebtoken\\sign.js:111:20)\n    at generateAccessToken (D:\\eventManagementApp\\concertapp\\backend\\src\\utils\\jwt.js:4:16)\n    at verifyOTP (D:\\eventManagementApp\\concertapp\\backend\\src\\services\\authServices.js:117:25)\n    at async verifyOTPCtrl (D:\\eventManagementApp\\concertapp\\backend\\src\\controllers\\authController.js:21:24)","timestamp":"2026-02-07T14:52:46.008Z"}
{"body":{"email":"eijazkhan9099@gmail.com","otp":"338395"},"level":"error","message":"OTP verify Up Error secretOrPrivateKey must have a value","stack":"Error: secretOrPrivateKey must have a value\n    at module.exports [as sign] (D:\\eventManagementApp\\concertapp\\backend\\node_modules\\jsonwebtoken\\sign.js:111:20)\n    at generateAccessToken (D:\\eventManagementApp\\concertapp\\backend\\src\\utils\\jwt.js:4:16)\n    at verifyOTP (D:\\eventManagementApp\\concertapp\\backend\\src\\services\\authServices.js:117:25)\n    at async verifyOTPCtrl (D:\\eventManagementApp\\concertapp\\backend\\src\\controllers\\authController.js:21:24)","timestamp":"2026-02-07T14:52:46.247Z"}
{"body":{"email":"eijazkhan9099@gmail.com","otp":"338395"},"level":"error","message":"OTP verify Up Error secretOrPrivateKey must have a value","stack":"Error: secretOrPrivateKey must have a value\n    at module.exports [as sign] (D:\\eventManagementApp\\concertapp\\backend\\node_modules\\jsonwebtoken\\sign.js:111:20)\n    at generateAccessToken (D:\\eventManagementApp\\concertapp\\backend\\src\\utils\\jwt.js:4:16)\n    at verifyOTP (D:\\eventManagementApp\\concertapp\\backend\\src\\services\\authServices.js:117:25)\n    at async verifyOTPCtrl (D:\\eventManagementApp\\concertapp\\backend\\src\\controllers\\authController.js:21:24)","timestamp":"2026-02-07T14:52:46.453Z"}
{"body":{"email":"eijazkhan9099@gmail.com","otp":"338395"},"level":"error","message":"OTP verify Up Error secretOrPrivateKey must have a value","stack":"Error: secretOrPrivateKey must have a value\n    at module.exports [as sign] (D:\\eventManagementApp\\concertapp\\backend\\node_modules\\jsonwebtoken\\sign.js:111:20)\n    at generateAccessToken (D:\\eventManagementApp\\concertapp\\backend\\src\\utils\\jwt.js:4:16)\n    at verifyOTP (D:\\eventManagementApp\\concertapp\\backend\\src\\services\\authServices.js:117:25)\n    at async verifyOTPCtrl (D:\\eventManagementApp\\concertapp\\backend\\src\\controllers\\authController.js:21:24)","timestamp":"2026-02-07T14:52:46.713Z"}
{"body":{"email":"eijazkhan9099@gmail.com","otp":"338395"},"level":"error","message":"OTP verify Up Error secretOrPrivateKey must have a value","stack":"Error: secretOrPrivateKey must have a value\n    at module.exports [as sign] (D:\\eventManagementApp\\concertapp\\backend\\node_modules\\jsonwebtoken\\sign.js:111:20)\n    at generateAccessToken (D:\\eventManagementApp\\concertapp\\backend\\src\\utils\\jwt.js:4:16)\n    at verifyOTP (D:\\eventManagementApp\\concertapp\\backend\\src\\services\\authServices.js:117:25)\n    at async verifyOTPCtrl (D:\\eventManagementApp\\concertapp\\backend\\src\\controllers\\authController.js:21:24)","timestamp":"2026-02-07T14:52:46.946Z"}
{"body":{"email":"eijazkhan9099@gmail.com","otp":"338395"},"level":"error","message":"OTP verify Up Error secretOrPrivateKey must have a value","stack":"Error: secretOrPrivateKey must have a value\n    at module.exports [as sign] (D:\\eventManagementApp\\concertapp\\backend\\node_modules\\jsonwebtoken\\sign.js:111:20)\n    at generateAccessToken (D:\\eventManagementApp\\concertapp\\backend\\src\\utils\\jwt.js:4:16)\n    at verifyOTP (D:\\eventManagementApp\\concertapp\\backend\\src\\services\\authServices.js:117:25)\n    at async verifyOTPCtrl (D:\\eventManagementApp\\concertapp\\backend\\src\\controllers\\authController.js:21:24)","timestamp":"2026-02-07T14:52:47.203Z"}
{"body":{"email":"eijazkhan9099@gmail.com","otp":"338395"},"level":"error","message":"OTP verify Up Error secretOrPrivateKey must have a value","stack":"Error: secretOrPrivateKey must have a value\n    at module.exports [as sign] (D:\\eventManagementApp\\concertapp\\backend\\node_modules\\jsonwebtoken\\sign.js:111:20)\n    at generateAccessToken (D:\\eventManagementApp\\concertapp\\backend\\src\\utils\\jwt.js:4:16)\n    at verifyOTP (D:\\eventManagementApp\\concertapp\\backend\\src\\services\\authServices.js:117:25)\n    at async verifyOTPCtrl (D:\\eventManagementApp\\concertapp\\backend\\src\\controllers\\authController.js:21:24)","timestamp":"2026-02-07T14:52:47.480Z"}
{"body":{"email":"eijazkhan9099@gmail.com","otp":"338395"},"level":"error","message":"OTP verify Up Error secretOrPrivateKey must have a value","stack":"Error: secretOrPrivateKey must have a value\n    at module.exports [as sign] (D:\\eventManagementApp\\concertapp\\backend\\node_modules\\jsonwebtoken\\sign.js:111:20)\n    at generateAccessToken (D:\\eventManagementApp\\concertapp\\backend\\src\\utils\\jwt.js:4:16)\n    at verifyOTP (D:\\eventManagementApp\\concertapp\\backend\\src\\services\\authServices.js:117:25)\n    at async verifyOTPCtrl (D:\\eventManagementApp\\concertapp\\backend\\src\\controllers\\authController.js:21:24)","timestamp":"2026-02-07T14:52:47.667Z"}
{"level":"info","message":"Server running on port 3000","timestamp":"2026-02-07T14:58:59.403Z"}
{"err":{"body":"{\\","expose":true,"status":400,"statusCode":400,"type":"entity.parse.failed"},"level":"error","message":"Unhandled error","path":"/v1/auth/dev/otp","timestamp":"2026-02-07T14:59:28.018Z"}
{"level":"info","message":"email sent","subject":"OTP Verification","timestamp":"2026-02-07T15:05:35.236Z","to":"eijazkhan9099@gmail.com"}
{"level":"info","message":"Server running on port 3000","timestamp":"2026-02-07T15:25:30.117Z"}
{"level":"info","message":"email sent","subject":"OTP Verification","timestamp":"2026-02-07T15:26:01.008Z","to":"eijazkhan9099@gmail.com"}
{"email":"eijazkhan9099@gmail.com","level":"info","message":"SignUp success","timestamp":"2026-02-07T15:26:01.010Z"}
{"body":{"email":"eijazkhan9099@gmail.com","otp":"433819"},"level":"error","message":"OTP verify Up Error secretOrPrivateKey must have a value","stack":"Error: secretOrPrivateKey must have a value\n    at module.exports [as sign] (D:\\eventManagementApp\\concertapp\\backend\\node_modules\\jsonwebtoken\\sign.js:111:20)\n    at generateAccessToken (D:\\eventManagementApp\\concertapp\\backend\\src\\utils\\jwt.js:4:16)\n    at verifyOTP (D:\\eventManagementApp\\concertapp\\backend\\src\\services\\authServices.js:117:25)\n    at async verifyOTPCtrl (D:\\eventManagementApp\\concertapp\\backend\\src\\controllers\\authController.js:21:24)","timestamp":"2026-02-07T15:26:15.244Z"}
{"address":"173.194.79.108","code":"ESOCKET","command":"CONN","errno":-4039,"level":"error","message":"Email send failed connect ETIMEDOUT 173.194.79.108:465","port":465,"stack":"Error: connect ETIMEDOUT 173.194.79.108:465\n    at TCPConnectWrap.afterConnect [as oncomplete] (node:net:1637:16)","syscall":"connect","timestamp":"2026-02-07T15:26:19.242Z"}
{"err":{"address":"173.194.79.108","code":"ESOCKET","command":"CONN","errno":-4039,"port":465,"syscall":"connect"},"level":"error","message":"Email send failed, continuing without sending OTP","timestamp":"2026-02-07T15:26:19.244Z","to":"eijazkhan9099@gmail.com"}
{"level":"info","message":"DEV OTP","otp":"651258","timestamp":"2026-02-07T15:26:19.245Z","to":"eijazkhan9099@gmail.com"}
{"email":"eijazkhan9099@gmail.com","level":"info","message":"SignUp success","timestamp":"2026-02-07T15:26:19.246Z"}
{"body":{"email":"eijazkhan9099@gmail.com","otp":"651258"},"level":"error","message":"OTP verify Up Error Invalid OTP","stack":"Error: Invalid OTP\n    at verifyOTP (D:\\eventManagementApp\\concertapp\\backend\\src\\services\\authServices.js:112:34)\n    at verifyOTPCtrl (D:\\eventManagementApp\\concertapp\\backend\\src\\controllers\\authController.js:21:30)\n    at Layer.handleRequest (D:\\eventManagementApp\\concertapp\\backend\\node_modules\\router\\lib\\layer.js:152:17)\n    at next (D:\\eventManagementApp\\concertapp\\backend\\node_modules\\router\\lib\\route.js:157:13)\n    at D:\\eventManagementApp\\concertapp\\backend\\src\\middlewares\\validation.js:6:5\n    at Layer.handleRequest (D:\\eventManagementApp\\concertapp\\backend\\node_modules\\router\\lib\\layer.js:152:17)\n    at next (D:\\eventManagementApp\\concertapp\\backend\\node_modules\\router\\lib\\route.js:157:13)\n    at D:\\eventManagementApp\\concertapp\\backend\\node_modules\\express-rate-limit\\dist\\index.cjs:942:7\n    at process.processTicksAndRejections (node:internal/process/task_queues:105:5)\n    at async D:\\eventManagementApp\\concertapp\\backend\\node_modules\\express-rate-limit\\dist\\index.cjs:825:5","timestamp":"2026-02-07T15:26:32.070Z"}
{"body":{"email":"eijazkhan9099@gmail.com","otp":"651258"},"level":"error","message":"OTP verify Up Error Invalid OTP","stack":"Error: Invalid OTP\n    at verifyOTP (D:\\eventManagementApp\\concertapp\\backend\\src\\services\\authServices.js:112:34)\n    at verifyOTPCtrl (D:\\eventManagementApp\\concertapp\\backend\\src\\controllers\\authController.js:21:30)\n    at Layer.handleRequest (D:\\eventManagementApp\\concertapp\\backend\\node_modules\\router\\lib\\layer.js:152:17)\n    at next (D:\\eventManagementApp\\concertapp\\backend\\node_modules\\router\\lib\\route.js:157:13)\n    at D:\\eventManagementApp\\concertapp\\backend\\src\\middlewares\\validation.js:6:5\n    at Layer.handleRequest (D:\\eventManagementApp\\concertapp\\backend\\node_modules\\router\\lib\\layer.js:152:17)\n    at next (D:\\eventManagementApp\\concertapp\\backend\\node_modules\\router\\lib\\route.js:157:13)\n    at D:\\eventManagementApp\\concertapp\\backend\\node_modules\\express-rate-limit\\dist\\index.cjs:942:7\n    at process.processTicksAndRejections (node:internal/process/task_queues:105:5)\n    at async D:\\eventManagementApp\\concertapp\\backend\\node_modules\\express-rate-limit\\dist\\index.cjs:825:5","timestamp":"2026-02-07T15:26:39.693Z"}
{"body":{"email":"eijazkhan9099@gmail.com","otp":"651258"},"level":"error","message":"OTP verify Up Error Invalid OTP","stack":"Error: Invalid OTP\n    at verifyOTP (D:\\eventManagementApp\\concertapp\\backend\\src\\services\\authServices.js:112:34)\n    at verifyOTPCtrl (D:\\eventManagementApp\\concertapp\\backend\\src\\controllers\\authController.js:21:30)\n    at Layer.handleRequest (D:\\eventManagementApp\\concertapp\\backend\\node_modules\\router\\lib\\layer.js:152:17)\n    at next (D:\\eventManagementApp\\concertapp\\backend\\node_modules\\router\\lib\\route.js:157:13)\n    at D:\\eventManagementApp\\concertapp\\backend\\src\\middlewares\\validation.js:6:5\n    at Layer.handleRequest (D:\\eventManagementApp\\concertapp\\backend\\node_modules\\router\\lib\\layer.js:152:17)\n    at next (D:\\eventManagementApp\\concertapp\\backend\\node_modules\\router\\lib\\route.js:157:13)\n    at D:\\eventManagementApp\\concertapp\\backend\\node_modules\\express-rate-limit\\dist\\index.cjs:942:7\n    at process.processTicksAndRejections (node:internal/process/task_queues:105:5)\n    at async D:\\eventManagementApp\\concertapp\\backend\\node_modules\\express-rate-limit\\dist\\index.cjs:825:5","timestamp":"2026-02-07T15:26:45.991Z"}
{"body":{"email":"eijazkhan9099@gmail.com","otp":"651258"},"level":"error","message":"OTP verify Up Error Invalid OTP","stack":"Error: Invalid OTP\n    at verifyOTP (D:\\eventManagementApp\\concertapp\\backend\\src\\services\\authServices.js:112:34)\n    at verifyOTPCtrl (D:\\eventManagementApp\\concertapp\\backend\\src\\controllers\\authController.js:21:30)\n    at Layer.handleRequest (D:\\eventManagementApp\\concertapp\\backend\\node_modules\\router\\lib\\layer.js:152:17)\n    at next (D:\\eventManagementApp\\concertapp\\backend\\node_modules\\router\\lib\\route.js:157:13)\n    at D:\\eventManagementApp\\concertapp\\backend\\src\\middlewares\\validation.js:6:5\n    at Layer.handleRequest (D:\\eventManagementApp\\concertapp\\backend\\node_modules\\router\\lib\\layer.js:152:17)\n    at next (D:\\eventManagementApp\\concertapp\\backend\\node_modules\\router\\lib\\route.js:157:13)\n    at D:\\eventManagementApp\\concertapp\\backend\\node_modules\\express-rate-limit\\dist\\index.cjs:942:7\n    at process.processTicksAndRejections (node:internal/process/task_queues:105:5)\n    at async D:\\eventManagementApp\\concertapp\\backend\\node_modules\\express-rate-limit\\dist\\index.cjs:825:5","timestamp":"2026-02-07T15:26:49.882Z"}
{"body":{"email":"eijazkhan9099@gmail.com","otp":"651258"},"level":"error","message":"OTP verify Up Error Invalid OTP","stack":"Error: Invalid OTP\n    at verifyOTP (D:\\eventManagementApp\\concertapp\\backend\\src\\services\\authServices.js:112:34)\n    at verifyOTPCtrl (D:\\eventManagementApp\\concertapp\\backend\\src\\controllers\\authController.js:21:30)\n    at Layer.handleRequest (D:\\eventManagementApp\\concertapp\\backend\\node_modules\\router\\lib\\layer.js:152:17)\n    at next (D:\\eventManagementApp\\concertapp\\backend\\node_modules\\router\\lib\\route.js:157:13)\n    at D:\\eventManagementApp\\concertapp\\backend\\src\\middlewares\\validation.js:6:5\n    at Layer.handleRequest (D:\\eventManagementApp\\concertapp\\backend\\node_modules\\router\\lib\\layer.js:152:17)\n    at next (D:\\eventManagementApp\\concertapp\\backend\\node_modules\\router\\lib\\route.js:157:13)\n    at D:\\eventManagementApp\\concertapp\\backend\\node_modules\\express-rate-limit\\dist\\index.cjs:942:7\n    at process.processTicksAndRejections (node:internal/process/task_queues:105:5)\n    at async D:\\eventManagementApp\\concertapp\\backend\\node_modules\\express-rate-limit\\dist\\index.cjs:825:5","timestamp":"2026-02-07T15:27:04.167Z"}
{"level":"info","message":"email sent","subject":"OTP Verification","timestamp":"2026-02-07T15:27:12.596Z","to":"eijazkhan9099@gmail.com"}
{"email":"eijazkhan9099@gmail.com","level":"info","message":"SignUp success","timestamp":"2026-02-07T15:27:12.597Z"}
{"level":"info","message":"email sent","subject":"OTP Verification","timestamp":"2026-02-07T15:27:55.131Z","to":"eijazkhan9099@gmail.com"}
{"email":"eijazkhan9099@gmail.com","level":"info","message":"SignUp success","timestamp":"2026-02-07T15:27:55.132Z"}
{"body":{"email":"eijazkhan9099@gmail.com","otp":"525825"},"level":"error","message":"OTP verify Up Error secretOrPrivateKey must have a value","stack":"Error: secretOrPrivateKey must have a value\n    at module.exports [as sign] (D:\\eventManagementApp\\concertapp\\backend\\node_modules\\jsonwebtoken\\sign.js:111:20)\n    at generateAccessToken (D:\\eventManagementApp\\concertapp\\backend\\src\\utils\\jwt.js:4:16)\n    at verifyOTP (D:\\eventManagementApp\\concertapp\\backend\\src\\services\\authServices.js:117:25)\n    at async verifyOTPCtrl (D:\\eventManagementApp\\concertapp\\backend\\src\\controllers\\authController.js:21:24)","timestamp":"2026-02-07T15:28:08.383Z"}
{"body":{"email":"eijazkhan9099@gmail.com","otp":"525825"},"level":"error","message":"OTP verify Up Error secretOrPrivateKey must have a value","stack":"Error: secretOrPrivateKey must have a value\n    at module.exports [as sign] (D:\\eventManagementApp\\concertapp\\backend\\node_modules\\jsonwebtoken\\sign.js:111:20)\n    at generateAccessToken (D:\\eventManagementApp\\concertapp\\backend\\src\\utils\\jwt.js:4:16)\n    at verifyOTP (D:\\eventManagementApp\\concertapp\\backend\\src\\services\\authServices.js:117:25)\n    at async verifyOTPCtrl (D:\\eventManagementApp\\concertapp\\backend\\src\\controllers\\authController.js:21:24)","timestamp":"2026-02-07T15:28:10.355Z"}
{"body":{"email":"eijazkhan9099@gmail.com","otp":"525825"},"level":"error","message":"OTP verify Up Error secretOrPrivateKey must have a value","stack":"Error: secretOrPrivateKey must have a value\n    at module.exports [as sign] (D:\\eventManagementApp\\concertapp\\backend\\node_modules\\jsonwebtoken\\sign.js:111:20)\n    at generateAccessToken (D:\\eventManagementApp\\concertapp\\backend\\src\\utils\\jwt.js:4:16)\n    at verifyOTP (D:\\eventManagementApp\\concertapp\\backend\\src\\services\\authServices.js:117:25)\n    at async verifyOTPCtrl (D:\\eventManagementApp\\concertapp\\backend\\src\\controllers\\authController.js:21:24)","timestamp":"2026-02-07T15:28:19.368Z"}
{"body":{"email":"eijazkhan9099@gmail.com","otp":"525825"},"level":"error","message":"OTP verify Up Error secretOrPrivateKey must have a value","stack":"Error: secretOrPrivateKey must have a value\n    at module.exports [as sign] (D:\\eventManagementApp\\concertapp\\backend\\node_modules\\jsonwebtoken\\sign.js:111:20)\n    at generateAccessToken (D:\\eventManagementApp\\concertapp\\backend\\src\\utils\\jwt.js:4:16)\n    at verifyOTP (D:\\eventManagementApp\\concertapp\\backend\\src\\services\\authServices.js:117:25)\n    at async verifyOTPCtrl (D:\\eventManagementApp\\concertapp\\backend\\src\\controllers\\authController.js:21:24)","timestamp":"2026-02-07T15:28:19.763Z"}
{"body":{"email":"eijazkhan9099@gmail.com","otp":"525825"},"level":"error","message":"OTP verify Up Error secretOrPrivateKey must have a value","stack":"Error: secretOrPrivateKey must have a value\n    at module.exports [as sign] (D:\\eventManagementApp\\concertapp\\backend\\node_modules\\jsonwebtoken\\sign.js:111:20)\n    at generateAccessToken (D:\\eventManagementApp\\concertapp\\backend\\src\\utils\\jwt.js:4:16)\n    at verifyOTP (D:\\eventManagementApp\\concertapp\\backend\\src\\services\\authServices.js:117:25)\n    at async verifyOTPCtrl (D:\\eventManagementApp\\concertapp\\backend\\src\\controllers\\authController.js:21:24)","timestamp":"2026-02-07T15:28:20.359Z"}
{"body":{"email":"eijazkhan9099@gmail.com","otp":"525825"},"level":"error","message":"OTP verify Up Error secretOrPrivateKey must have a value","stack":"Error: secretOrPrivateKey must have a value\n    at module.exports [as sign] (D:\\eventManagementApp\\concertapp\\backend\\node_modules\\jsonwebtoken\\sign.js:111:20)\n    at generateAccessToken (D:\\eventManagementApp\\concertapp\\backend\\src\\utils\\jwt.js:4:16)\n    at verifyOTP (D:\\eventManagementApp\\concertapp\\backend\\src\\services\\authServices.js:117:25)\n    at async verifyOTPCtrl (D:\\eventManagementApp\\concertapp\\backend\\src\\controllers\\authController.js:21:24)","timestamp":"2026-02-07T15:28:21.077Z"}
{"body":{"email":"eijazkhan9099@gmail.com","otp":"525825"},"level":"error","message":"OTP verify Up Error secretOrPrivateKey must have a value","stack":"Error: secretOrPrivateKey must have a value\n    at module.exports [as sign] (D:\\eventManagementApp\\concertapp\\backend\\node_modules\\jsonwebtoken\\sign.js:111:20)\n    at generateAccessToken (D:\\eventManagementApp\\concertapp\\backend\\src\\utils\\jwt.js:4:16)\n    at verifyOTP (D:\\eventManagementApp\\concertapp\\backend\\src\\services\\authServices.js:117:25)\n    at async verifyOTPCtrl (D:\\eventManagementApp\\concertapp\\backend\\src\\controllers\\authController.js:21:24)","timestamp":"2026-02-07T15:28:21.536Z"}
{"level":"info","message":"email sent","subject":"OTP Verification","timestamp":"2026-02-07T15:30:01.222Z","to":"eijazkhan9099@gmail.com"}
{"email":"eijazkhan9099@gmail.com","level":"info","message":"SignUp success","timestamp":"2026-02-07T15:30:01.223Z"}
{"body":{"email":"eijazkhan9099@gmail.com","otp":"976833"},"level":"error","message":"OTP verify Up Error secretOrPrivateKey must have a value","stack":"Error: secretOrPrivateKey must have a value\n    at module.exports [as sign] (D:\\eventManagementApp\\concertapp\\backend\\node_modules\\jsonwebtoken\\sign.js:111:20)\n    at generateAccessToken (D:\\eventManagementApp\\concertapp\\backend\\src\\utils\\jwt.js:4:16)\n    at verifyOTP (D:\\eventManagementApp\\concertapp\\backend\\src\\services\\authServices.js:117:25)\n    at async verifyOTPCtrl (D:\\eventManagementApp\\concertapp\\backend\\src\\controllers\\authController.js:21:24)","timestamp":"2026-02-07T15:30:35.425Z"}
{"body":{"email":"eijazkhan9099@gmail.com","otp":"976833"},"level":"error","message":"OTP verify Up Error secretOrPrivateKey must have a value","stack":"Error: secretOrPrivateKey must have a value\n    at module.exports [as sign] (D:\\eventManagementApp\\concertapp\\backend\\node_modules\\jsonwebtoken\\sign.js:111:20)\n    at generateAccessToken (D:\\eventManagementApp\\concertapp\\backend\\src\\utils\\jwt.js:4:16)\n    at verifyOTP (D:\\eventManagementApp\\concertapp\\backend\\src\\services\\authServices.js:117:25)\n    at async verifyOTPCtrl (D:\\eventManagementApp\\concertapp\\backend\\src\\controllers\\authController.js:21:24)","timestamp":"2026-02-07T15:30:41.373Z"}
{"level":"info","message":"email sent","subject":"OTP Verification","timestamp":"2026-02-07T15:30:52.468Z","to":"eijazkhan9099@gmail.com"}
{"email":"eijazkhan9099@gmail.com","level":"info","message":"SignUp success","timestamp":"2026-02-07T15:30:52.469Z"}
{"body":{"email":"eijazkhan9099@gmail.com","otp":"333989"},"level":"error","message":"OTP verify Up Error secretOrPrivateKey must have a value","stack":"Error: secretOrPrivateKey must have a value\n    at module.exports [as sign] (D:\\eventManagementApp\\concertapp\\backend\\node_modules\\jsonwebtoken\\sign.js:111:20)\n    at generateAccessToken (D:\\eventManagementApp\\concertapp\\backend\\src\\utils\\jwt.js:4:16)\n    at verifyOTP (D:\\eventManagementApp\\concertapp\\backend\\src\\services\\authServices.js:117:25)\n    at async verifyOTPCtrl (D:\\eventManagementApp\\concertapp\\backend\\src\\controllers\\authController.js:21:24)","timestamp":"2026-02-07T15:31:08.722Z"}
{"body":{"email":"eijazkhan9099@gmail.com","otp":"333989"},"level":"error","message":"OTP verify Up Error secretOrPrivateKey must have a value","stack":"Error: secretOrPrivateKey must have a value\n    at module.exports [as sign] (D:\\eventManagementApp\\concertapp\\backend\\node_modules\\jsonwebtoken\\sign.js:111:20)\n    at generateAccessToken (D:\\eventManagementApp\\concertapp\\backend\\src\\utils\\jwt.js:4:16)\n    at verifyOTP (D:\\eventManagementApp\\concertapp\\backend\\src\\services\\authServices.js:117:25)\n    at async verifyOTPCtrl (D:\\eventManagementApp\\concertapp\\backend\\src\\controllers\\authController.js:21:24)","timestamp":"2026-02-07T15:31:15.008Z"}
{"level":"info","message":"Server running on port 3000","timestamp":"2026-02-07T15:32:11.177Z"}
{"level":"info","message":"email sent","subject":"OTP Verification","timestamp":"2026-02-07T15:32:31.126Z","to":"eijazkhan9099@gmail.com"}
{"email":"eijazkhan9099@gmail.com","level":"info","message":"SignUp success","timestamp":"2026-02-07T15:32:31.128Z"}
{"level":"info","message":"email sent","subject":"OTP Verification","timestamp":"2026-02-07T15:32:43.358Z","to":"eijazkhan9099@gmail.com"}
{"email":"eijazkhan9099@gmail.com","level":"info","message":"SignUp success","timestamp":"2026-02-07T15:32:43.359Z"}
{"body":{"email":"eijazkhan9099@gmail.com","otp":"859470"},"level":"error","message":"OTP verify Up Error ACCESS_SECRET (or JWT_SECRET) is not set","stack":"Error: ACCESS_SECRET (or JWT_SECRET) is not set\n    at generateAccessToken (D:\\eventManagementApp\\concertapp\\backend\\src\\utils\\jwt.js:5:24)\n    at verifyOTP (D:\\eventManagementApp\\concertapp\\backend\\src\\services\\authServices.js:117:25)\n    at async verifyOTPCtrl (D:\\eventManagementApp\\concertapp\\backend\\src\\controllers\\authController.js:21:24)","timestamp":"2026-02-07T15:32:58.231Z"}
{"level":"info","message":"email sent","subject":"OTP Verification","timestamp":"2026-02-07T15:56:55.273Z","to":"eijazkhan9099@gmail.com"}
{"email":"eijazkhan9099@gmail.com","level":"info","message":"SignUp success","timestamp":"2026-02-07T15:56:55.274Z"}
{"address":"173.194.79.108","code":"ESOCKET","command":"CONN","errno":-4039,"level":"error","message":"Email send failed connect ETIMEDOUT 173.194.79.108:465","port":465,"stack":"Error: connect ETIMEDOUT 173.194.79.108:465\n    at TCPConnectWrap.afterConnect [as oncomplete] (node:net:1637:16)","syscall":"connect","timestamp":"2026-02-07T15:57:10.797Z"}
{"err":{"address":"173.194.79.108","code":"ESOCKET","command":"CONN","errno":-4039,"port":465,"syscall":"connect"},"level":"error","message":"Email send failed, continuing without sending OTP","timestamp":"2026-02-07T15:57:10.798Z","to":"eijazkhan9099@gmail.com"}
{"level":"info","message":"DEV OTP","otp":"178090","timestamp":"2026-02-07T15:57:10.799Z","to":"eijazkhan9099@gmail.com"}
{"email":"eijazkhan9099@gmail.com","level":"info","message":"SignUp success","timestamp":"2026-02-07T15:57:10.801Z"}
{"body":{"email":"eijazkhan9099@gmail.com","otp":"841772"},"level":"error","message":"OTP verify Up Error ACCESS_SECRET (or JWT_SECRET) is not set","stack":"Error: ACCESS_SECRET (or JWT_SECRET) is not set\n    at generateAccessToken (D:\\eventManagementApp\\concertapp\\backend\\src\\utils\\jwt.js:5:24)\n    at verifyOTP (D:\\eventManagementApp\\concertapp\\backend\\src\\services\\authServices.js:117:25)\n    at async verifyOTPCtrl (D:\\eventManagementApp\\concertapp\\backend\\src\\controllers\\authController.js:21:24)","timestamp":"2026-02-07T15:57:22.947Z"}
{"body":{"email":"eijazkhan9099@gmail.com","otp":"841772"},"level":"error","message":"OTP verify Up Error ACCESS_SECRET (or JWT_SECRET) is not set","stack":"Error: ACCESS_SECRET (or JWT_SECRET) is not set\n    at generateAccessToken (D:\\eventManagementApp\\concertapp\\backend\\src\\utils\\jwt.js:5:24)\n    at verifyOTP (D:\\eventManagementApp\\concertapp\\backend\\src\\services\\authServices.js:117:25)\n    at async verifyOTPCtrl (D:\\eventManagementApp\\concertapp\\backend\\src\\controllers\\authController.js:21:24)","timestamp":"2026-02-07T15:57:39.291Z"}
{"body":{"email":"eijazkhan9099@gmail.com","otp":"841772"},"level":"error","message":"OTP verify Up Error ACCESS_SECRET (or JWT_SECRET) is not set","stack":"Error: ACCESS_SECRET (or JWT_SECRET) is not set\n    at generateAccessToken (D:\\eventManagementApp\\concertapp\\backend\\src\\utils\\jwt.js:5:24)\n    at verifyOTP (D:\\eventManagementApp\\concertapp\\backend\\src\\services\\authServices.js:117:25)\n    at async verifyOTPCtrl (D:\\eventManagementApp\\concertapp\\backend\\src\\controllers\\authController.js:21:24)","timestamp":"2026-02-07T15:58:25.506Z"}
{"level":"info","message":"email sent","subject":"OTP Verification","timestamp":"2026-02-07T15:58:35.236Z","to":"eijazkhan9099@gmail.com"}
{"email":"eijazkhan9099@gmail.com","level":"info","message":"SignUp success","timestamp":"2026-02-07T15:58:35.237Z"}
{"body":{"email":"eijazkhan9099@gmail.com","otp":"869567"},"level":"error","message":"OTP verify Up Error ACCESS_SECRET (or JWT_SECRET) is not set","stack":"Error: ACCESS_SECRET (or JWT_SECRET) is not set\n    at generateAccessToken (D:\\eventManagementApp\\concertapp\\backend\\src\\utils\\jwt.js:5:24)\n    at verifyOTP (D:\\eventManagementApp\\concertapp\\backend\\src\\services\\authServices.js:117:25)\n    at async verifyOTPCtrl (D:\\eventManagementApp\\concertapp\\backend\\src\\controllers\\authController.js:21:24)","timestamp":"2026-02-07T15:58:59.756Z"}
{"body":{"email":"eijazkhan9099@gmail.com","otp":"869567"},"level":"error","message":"OTP verify Up Error ACCESS_SECRET (or JWT_SECRET) is not set","stack":"Error: ACCESS_SECRET (or JWT_SECRET) is not set\n    at generateAccessToken (D:\\eventManagementApp\\concertapp\\backend\\src\\utils\\jwt.js:5:24)\n    at verifyOTP (D:\\eventManagementApp\\concertapp\\backend\\src\\services\\authServices.js:117:25)\n    at async verifyOTPCtrl (D:\\eventManagementApp\\concertapp\\backend\\src\\controllers\\authController.js:21:24)","timestamp":"2026-02-07T15:59:03.131Z"}
{"body":{"email":"eijazkhan9099@gmail.com","otp":"869567"},"level":"error","message":"OTP verify Up Error ACCESS_SECRET (or JWT_SECRET) is not set","stack":"Error: ACCESS_SECRET (or JWT_SECRET) is not set\n    at generateAccessToken (D:\\eventManagementApp\\concertapp\\backend\\src\\utils\\jwt.js:5:24)\n    at verifyOTP (D:\\eventManagementApp\\concertapp\\backend\\src\\services\\authServices.js:117:25)\n    at async verifyOTPCtrl (D:\\eventManagementApp\\concertapp\\backend\\src\\controllers\\authController.js:21:24)","timestamp":"2026-02-07T15:59:23.405Z"}
{"level":"info","message":"email sent","subject":"OTP Verification","timestamp":"2026-02-07T16:04:16.881Z","to":"eijazkhan9099@gmail.com"}
{"email":"eijazkhan9099@gmail.com","level":"info","message":"SignUp success","timestamp":"2026-02-07T16:04:16.882Z"}
{"address":"173.194.79.108","code":"ESOCKET","command":"CONN","errno":-4039,"level":"error","message":"Email send failed connect ETIMEDOUT 173.194.79.108:465","port":465,"stack":"Error: connect ETIMEDOUT 173.194.79.108:465\n    at TCPConnectWrap.afterConnect [as oncomplete] (node:net:1637:16)","syscall":"connect","timestamp":"2026-02-07T16:04:26.482Z"}
{"err":{"address":"173.194.79.108","code":"ESOCKET","command":"CONN","errno":-4039,"port":465,"syscall":"connect"},"level":"error","message":"Email send failed, continuing without sending OTP","timestamp":"2026-02-07T16:04:26.483Z","to":"eijazkhan9099@gmail.com"}
{"level":"info","message":"DEV OTP","otp":"992776","timestamp":"2026-02-07T16:04:26.483Z","to":"eijazkhan9099@gmail.com"}
{"email":"eijazkhan9099@gmail.com","level":"info","message":"SignUp success","timestamp":"2026-02-07T16:04:26.484Z"}
{"body":{"email":"eijazkhan9099@gmail.com","otp":"869567"},"level":"error","message":"OTP verify Up Error Invalid OTP","stack":"Error: Invalid OTP\n    at verifyOTP (D:\\eventManagementApp\\concertapp\\backend\\src\\services\\authServices.js:112:34)\n    at verifyOTPCtrl (D:\\eventManagementApp\\concertapp\\backend\\src\\controllers\\authController.js:21:30)\n    at Layer.handleRequest (D:\\eventManagementApp\\concertapp\\backend\\node_modules\\router\\lib\\layer.js:152:17)\n    at next (D:\\eventManagementApp\\concertapp\\backend\\node_modules\\router\\lib\\route.js:157:13)\n    at D:\\eventManagementApp\\concertapp\\backend\\src\\middlewares\\validation.js:6:5\n    at Layer.handleRequest (D:\\eventManagementApp\\concertapp\\backend\\node_modules\\router\\lib\\layer.js:152:17)\n    at next (D:\\eventManagementApp\\concertapp\\backend\\node_modules\\router\\lib\\route.js:157:13)\n    at D:\\eventManagementApp\\concertapp\\backend\\node_modules\\express-rate-limit\\dist\\index.cjs:942:7\n    at process.processTicksAndRejections (node:internal/process/task_queues:105:5)\n    at async D:\\eventManagementApp\\concertapp\\backend\\node_modules\\express-rate-limit\\dist\\index.cjs:825:5","timestamp":"2026-02-07T16:04:37.470Z"}
{"level":"info","message":"email sent","subject":"OTP Verification","timestamp":"2026-02-07T16:05:04.288Z","to":"eijazkhan9099@gmail.com"}
{"email":"eijazkhan9099@gmail.com","level":"info","message":"SignUp success","timestamp":"2026-02-07T16:05:04.289Z"}
{"body":{"email":"eijazkhan9099@gmail.com","otp":"105158"},"level":"error","message":"OTP verify Up Error ACCESS_SECRET (or JWT_SECRET) is not set","stack":"Error: ACCESS_SECRET (or JWT_SECRET) is not set\n    at generateAccessToken (D:\\eventManagementApp\\concertapp\\backend\\src\\utils\\jwt.js:5:24)\n    at verifyOTP (D:\\eventManagementApp\\concertapp\\backend\\src\\services\\authServices.js:117:25)\n    at async verifyOTPCtrl (D:\\eventManagementApp\\concertapp\\backend\\src\\controllers\\authController.js:21:24)","timestamp":"2026-02-07T16:05:16.027Z"}
{"body":{"email":"eijazkhan9099@gmail.com","otp":"105158"},"level":"error","message":"OTP verify Up Error ACCESS_SECRET (or JWT_SECRET) is not set","stack":"Error: ACCESS_SECRET (or JWT_SECRET) is not set\n    at generateAccessToken (D:\\eventManagementApp\\concertapp\\backend\\src\\utils\\jwt.js:5:24)\n    at verifyOTP (D:\\eventManagementApp\\concertapp\\backend\\src\\services\\authServices.js:117:25)\n    at async verifyOTPCtrl (D:\\eventManagementApp\\concertapp\\backend\\src\\controllers\\authController.js:21:24)","timestamp":"2026-02-07T16:05:24.645Z"}
{"body":{"email":"eijazkhan9099@gmail.com","otp":"105158"},"level":"error","message":"OTP verify Up Error ACCESS_SECRET (or JWT_SECRET) is not set","stack":"Error: ACCESS_SECRET (or JWT_SECRET) is not set\n    at generateAccessToken (D:\\eventManagementApp\\concertapp\\backend\\src\\utils\\jwt.js:5:24)\n    at verifyOTP (D:\\eventManagementApp\\concertapp\\backend\\src\\services\\authServices.js:117:25)\n    at async verifyOTPCtrl (D:\\eventManagementApp\\concertapp\\backend\\src\\controllers\\authController.js:21:24)","timestamp":"2026-02-07T16:05:24.980Z"}
{"level":"info","message":"email sent","subject":"OTP Verification","timestamp":"2026-02-07T16:08:28.753Z","to":"eijazkhan9099@gmail.com"}
{"email":"eijazkhan9099@gmail.com","level":"info","message":"SignUp success","timestamp":"2026-02-07T16:08:28.754Z"}
{"body":{"email":"eijazkhan9099@gmail.com","otp":"023719"},"level":"error","message":"OTP verify Up Error ACCESS_SECRET (or JWT_SECRET) is not set","stack":"Error: ACCESS_SECRET (or JWT_SECRET) is not set\n    at generateAccessToken (D:\\eventManagementApp\\concertapp\\backend\\src\\utils\\jwt.js:5:24)\n    at verifyOTP (D:\\eventManagementApp\\concertapp\\backend\\src\\services\\authServices.js:117:25)\n    at async verifyOTPCtrl (D:\\eventManagementApp\\concertapp\\backend\\src\\controllers\\authController.js:21:24)","timestamp":"2026-02-07T16:08:49.744Z"}
{"body":{"email":"eijazkhan9099@gmail.com","otp":"023719"},"level":"error","message":"OTP verify Up Error ACCESS_SECRET (or JWT_SECRET) is not set","stack":"Error: ACCESS_SECRET (or JWT_SECRET) is not set\n    at generateAccessToken (D:\\eventManagementApp\\concertapp\\backend\\src\\utils\\jwt.js:5:24)\n    at verifyOTP (D:\\eventManagementApp\\concertapp\\backend\\src\\services\\authServices.js:117:25)\n    at async verifyOTPCtrl (D:\\eventManagementApp\\concertapp\\backend\\src\\controllers\\authController.js:21:24)","timestamp":"2026-02-07T16:08:52.544Z"}
{"body":{"email":"eijazkhan9099@gmail.com","otp":"023719"},"level":"error","message":"OTP verify Up Error ACCESS_SECRET (or JWT_SECRET) is not set","stack":"Error: ACCESS_SECRET (or JWT_SECRET) is not set\n    at generateAccessToken (D:\\eventManagementApp\\concertapp\\backend\\src\\utils\\jwt.js:5:24)\n    at verifyOTP (D:\\eventManagementApp\\concertapp\\backend\\src\\services\\authServices.js:117:25)\n    at async verifyOTPCtrl (D:\\eventManagementApp\\concertapp\\backend\\src\\controllers\\authController.js:21:24)","timestamp":"2026-02-07T16:10:31.441Z"}
{"level":"info","message":"email sent","subject":"OTP Verification","timestamp":"2026-02-07T16:11:41.210Z","to":"eijazkhan9099@gmail.com"}
{"email":"eijazkhan9099@gmail.com","level":"info","message":"SignUp success","timestamp":"2026-02-07T16:11:41.210Z"}
{"body":{"email":"eijazkhan9099@gmail.com","otp":"433095"},"level":"error","message":"OTP verify Up Error ACCESS_SECRET (or JWT_SECRET) is not set","stack":"Error: ACCESS_SECRET (or JWT_SECRET) is not set\n    at generateAccessToken (D:\\eventManagementApp\\concertapp\\backend\\src\\utils\\jwt.js:5:24)\n    at verifyOTP (D:\\eventManagementApp\\concertapp\\backend\\src\\services\\authServices.js:117:25)\n    at async verifyOTPCtrl (D:\\eventManagementApp\\concertapp\\backend\\src\\controllers\\authController.js:21:24)","timestamp":"2026-02-07T16:11:56.243Z"}
{"level":"info","message":"Server running on port 3000","timestamp":"2026-02-07T16:14:13.613Z"}
{"err":"The mongodb provider does not support $queryRaw","level":"error","message":"Database health check failed","timestamp":"2026-02-07T16:14:55.124Z"}
{"err":"The mongodb provider does not support $queryRaw","level":"error","message":"Database health check failed","timestamp":"2026-02-07T16:15:06.074Z"}
{"level":"info","message":"email sent","subject":"OTP Verification","timestamp":"2026-02-07T16:15:22.726Z","to":"eijazkhan9099@gmail.com"}
{"level":"info","message":"email sent","subject":"OTP Verification","timestamp":"2026-02-07T16:15:45.067Z","to":"eijazkhan9099@gmail.com"}
{"email":"eijazkhan9099@gmail.com","level":"info","message":"SignUp success","timestamp":"2026-02-07T16:15:45.067Z"}
{"body":{"email":"eijazkhan9099@gmail.com","otp":"985683"},"level":"error","message":"OTP verify Up Error ACCESS_SECRET (or JWT_SECRET) is not set","stack":"Error: ACCESS_SECRET (or JWT_SECRET) is not set\n    at generateAccessToken (D:\\eventManagementApp\\concertapp\\backend\\src\\utils\\jwt.js:5:24)\n    at verifyOTP (D:\\eventManagementApp\\concertapp\\backend\\src\\services\\authServices.js:117:25)\n    at async verifyOTPCtrl (D:\\eventManagementApp\\concertapp\\backend\\src\\controllers\\authController.js:21:24)","timestamp":"2026-02-07T16:16:05.695Z"}
{"body":{"email":"eijazkhan9099@gmail.com","otp":"985683"},"level":"error","message":"OTP verify Up Error ACCESS_SECRET (or JWT_SECRET) is not set","stack":"Error: ACCESS_SECRET (or JWT_SECRET) is not set\n    at generateAccessToken (D:\\eventManagementApp\\concertapp\\backend\\src\\utils\\jwt.js:5:24)\n    at verifyOTP (D:\\eventManagementApp\\concertapp\\backend\\src\\services\\authServices.js:117:25)\n    at async verifyOTPCtrl (D:\\eventManagementApp\\concertapp\\backend\\src\\controllers\\authController.js:21:24)","timestamp":"2026-02-07T16:16:08.639Z"}
{"level":"info","message":"Server running on port 3000","timestamp":"2026-02-07T16:16:23.040Z"}
{"level":"info","message":"Server running on port 3000","timestamp":"2026-02-07T16:16:23.354Z"}
{"body":{"email":"eijazkhan9099@gmail.com","otp":"985683"},"level":"error","message":"OTP verify Up Error Invalid OTP","stack":"Error: Invalid OTP\n    at verifyOTP (D:\\eventManagementApp\\concertapp\\backend\\src\\services\\authServices.js:112:34)\n    at verifyOTPCtrl (D:\\eventManagementApp\\concertapp\\backend\\src\\controllers\\authController.js:21:30)\n    at Layer.handleRequest (D:\\eventManagementApp\\concertapp\\backend\\node_modules\\router\\lib\\layer.js:152:17)\n    at next (D:\\eventManagementApp\\concertapp\\backend\\node_modules\\router\\lib\\route.js:157:13)\n    at D:\\eventManagementApp\\concertapp\\backend\\src\\middlewares\\validation.js:6:5\n    at Layer.handleRequest (D:\\eventManagementApp\\concertapp\\backend\\node_modules\\router\\lib\\layer.js:152:17)\n    at next (D:\\eventManagementApp\\concertapp\\backend\\node_modules\\router\\lib\\route.js:157:13)\n    at D:\\eventManagementApp\\concertapp\\backend\\node_modules\\express-rate-limit\\dist\\index.cjs:942:7\n    at process.processTicksAndRejections (node:internal/process/task_queues:105:5)\n    at async D:\\eventManagementApp\\concertapp\\backend\\node_modules\\express-rate-limit\\dist\\index.cjs:825:5","timestamp":"2026-02-07T16:16:25.220Z"}
{"body":{"email":"eijazkhan9099@gmail.com","otp":"985683"},"level":"error","message":"OTP verify Up Error Invalid OTP","stack":"Error: Invalid OTP\n    at verifyOTP (D:\\eventManagementApp\\concertapp\\backend\\src\\services\\authServices.js:112:34)\n    at verifyOTPCtrl (D:\\eventManagementApp\\concertapp\\backend\\src\\controllers\\authController.js:21:30)\n    at Layer.handleRequest (D:\\eventManagementApp\\concertapp\\backend\\node_modules\\router\\lib\\layer.js:152:17)\n    at next (D:\\eventManagementApp\\concertapp\\backend\\node_modules\\router\\lib\\route.js:157:13)\n    at D:\\eventManagementApp\\concertapp\\backend\\src\\middlewares\\validation.js:6:5\n    at Layer.handleRequest (D:\\eventManagementApp\\concertapp\\backend\\node_modules\\router\\lib\\layer.js:152:17)\n    at next (D:\\eventManagementApp\\concertapp\\backend\\node_modules\\router\\lib\\route.js:157:13)\n    at D:\\eventManagementApp\\concertapp\\backend\\node_modules\\express-rate-limit\\dist\\index.cjs:942:7\n    at process.processTicksAndRejections (node:internal/process/task_queues:105:5)\n    at async D:\\eventManagementApp\\concertapp\\backend\\node_modules\\express-rate-limit\\dist\\index.cjs:825:5","timestamp":"2026-02-07T16:16:25.842Z"}
{"body":{"email":"eijazkhan9099@gmail.com","otp":"985683"},"level":"error","message":"OTP verify Up Error Invalid OTP","stack":"Error: Invalid OTP\n    at verifyOTP (D:\\eventManagementApp\\concertapp\\backend\\src\\services\\authServices.js:112:34)\n    at verifyOTPCtrl (D:\\eventManagementApp\\concertapp\\backend\\src\\controllers\\authController.js:21:30)\n    at Layer.handleRequest (D:\\eventManagementApp\\concertapp\\backend\\node_modules\\router\\lib\\layer.js:152:17)\n    at next (D:\\eventManagementApp\\concertapp\\backend\\node_modules\\router\\lib\\route.js:157:13)\n    at D:\\eventManagementApp\\concertapp\\backend\\src\\middlewares\\validation.js:6:5\n    at Layer.handleRequest (D:\\eventManagementApp\\concertapp\\backend\\node_modules\\router\\lib\\layer.js:152:17)\n    at next (D:\\eventManagementApp\\concertapp\\backend\\node_modules\\router\\lib\\route.js:157:13)\n    at D:\\eventManagementApp\\concertapp\\backend\\node_modules\\express-rate-limit\\dist\\index.cjs:942:7\n    at process.processTicksAndRejections (node:internal/process/task_queues:105:5)\n    at async D:\\eventManagementApp\\concertapp\\backend\\node_modules\\express-rate-limit\\dist\\index.cjs:825:5","timestamp":"2026-02-07T16:16:26.447Z"}
{"body":{"email":"eijazkhan9099@gmail.com","otp":"985683"},"level":"error","message":"OTP verify Up Error Invalid OTP","stack":"Error: Invalid OTP\n    at verifyOTP (D:\\eventManagementApp\\concertapp\\backend\\src\\services\\authServices.js:112:34)\n    at verifyOTPCtrl (D:\\eventManagementApp\\concertapp\\backend\\src\\controllers\\authController.js:21:30)\n    at Layer.handleRequest (D:\\eventManagementApp\\concertapp\\backend\\node_modules\\router\\lib\\layer.js:152:17)\n    at next (D:\\eventManagementApp\\concertapp\\backend\\node_modules\\router\\lib\\route.js:157:13)\n    at D:\\eventManagementApp\\concertapp\\backend\\src\\middlewares\\validation.js:6:5\n    at Layer.handleRequest (D:\\eventManagementApp\\concertapp\\backend\\node_modules\\router\\lib\\layer.js:152:17)\n    at next (D:\\eventManagementApp\\concertapp\\backend\\node_modules\\router\\lib\\route.js:157:13)\n    at D:\\eventManagementApp\\concertapp\\backend\\node_modules\\express-rate-limit\\dist\\index.cjs:942:7\n    at process.processTicksAndRejections (node:internal/process/task_queues:105:5)\n    at async D:\\eventManagementApp\\concertapp\\backend\\node_modules\\express-rate-limit\\dist\\index.cjs:825:5","timestamp":"2026-02-07T16:16:27.040Z"}
{"body":{"email":"eijazkhan9099@gmail.com","otp":"985683"},"level":"error","message":"OTP verify Up Error Invalid OTP","stack":"Error: Invalid OTP\n    at verifyOTP (D:\\eventManagementApp\\concertapp\\backend\\src\\services\\authServices.js:112:34)\n    at verifyOTPCtrl (D:\\eventManagementApp\\concertapp\\backend\\src\\controllers\\authController.js:21:30)\n    at Layer.handleRequest (D:\\eventManagementApp\\concertapp\\backend\\node_modules\\router\\lib\\layer.js:152:17)\n    at next (D:\\eventManagementApp\\concertapp\\backend\\node_modules\\router\\lib\\route.js:157:13)\n    at D:\\eventManagementApp\\concertapp\\backend\\src\\middlewares\\validation.js:6:5\n    at Layer.handleRequest (D:\\eventManagementApp\\concertapp\\backend\\node_modules\\router\\lib\\layer.js:152:17)\n    at next (D:\\eventManagementApp\\concertapp\\backend\\node_modules\\router\\lib\\route.js:157:13)\n    at D:\\eventManagementApp\\concertapp\\backend\\node_modules\\express-rate-limit\\dist\\index.cjs:942:7\n    at process.processTicksAndRejections (node:internal/process/task_queues:105:5)\n    at async D:\\eventManagementApp\\concertapp\\backend\\node_modules\\express-rate-limit\\dist\\index.cjs:825:5","timestamp":"2026-02-07T16:16:27.399Z"}
{"body":{"email":"eijazkhan9099@gmail.com","otp":"985683"},"level":"error","message":"OTP verify Up Error Invalid OTP","stack":"Error: Invalid OTP\n    at verifyOTP (D:\\eventManagementApp\\concertapp\\backend\\src\\services\\authServices.js:112:34)\n    at verifyOTPCtrl (D:\\eventManagementApp\\concertapp\\backend\\src\\controllers\\authController.js:21:30)\n    at Layer.handleRequest (D:\\eventManagementApp\\concertapp\\backend\\node_modules\\router\\lib\\layer.js:152:17)\n    at next (D:\\eventManagementApp\\concertapp\\backend\\node_modules\\router\\lib\\route.js:157:13)\n    at D:\\eventManagementApp\\concertapp\\backend\\src\\middlewares\\validation.js:6:5\n    at Layer.handleRequest (D:\\eventManagementApp\\concertapp\\backend\\node_modules\\router\\lib\\layer.js:152:17)\n    at next (D:\\eventManagementApp\\concertapp\\backend\\node_modules\\router\\lib\\route.js:157:13)\n    at D:\\eventManagementApp\\concertapp\\backend\\node_modules\\express-rate-limit\\dist\\index.cjs:942:7\n    at process.processTicksAndRejections (node:internal/process/task_queues:105:5)\n    at async D:\\eventManagementApp\\concertapp\\backend\\node_modules\\express-rate-limit\\dist\\index.cjs:825:5","timestamp":"2026-02-07T16:16:27.762Z"}
{"body":{"email":"eijazkhan9099@gmail.com","otp":"985683"},"level":"error","message":"OTP verify Up Error Invalid OTP","stack":"Error: Invalid OTP\n    at verifyOTP (D:\\eventManagementApp\\concertapp\\backend\\src\\services\\authServices.js:112:34)\n    at verifyOTPCtrl (D:\\eventManagementApp\\concertapp\\backend\\src\\controllers\\authController.js:21:30)\n    at Layer.handleRequest (D:\\eventManagementApp\\concertapp\\backend\\node_modules\\router\\lib\\layer.js:152:17)\n    at next (D:\\eventManagementApp\\concertapp\\backend\\node_modules\\router\\lib\\route.js:157:13)\n    at D:\\eventManagementApp\\concertapp\\backend\\src\\middlewares\\validation.js:6:5\n    at Layer.handleRequest (D:\\eventManagementApp\\concertapp\\backend\\node_modules\\router\\lib\\layer.js:152:17)\n    at next (D:\\eventManagementApp\\concertapp\\backend\\node_modules\\router\\lib\\route.js:157:13)\n    at D:\\eventManagementApp\\concertapp\\backend\\node_modules\\express-rate-limit\\dist\\index.cjs:942:7\n    at process.processTicksAndRejections (node:internal/process/task_queues:105:5)\n    at async D:\\eventManagementApp\\concertapp\\backend\\node_modules\\express-rate-limit\\dist\\index.cjs:825:5","timestamp":"2026-02-07T16:16:28.071Z"}
{"body":{"email":"eijazkhan9099@gmail.com","otp":"985683"},"level":"error","message":"OTP verify Up Error Invalid OTP","stack":"Error: Invalid OTP\n    at verifyOTP (D:\\eventManagementApp\\concertapp\\backend\\src\\services\\authServices.js:112:34)\n    at verifyOTPCtrl (D:\\eventManagementApp\\concertapp\\backend\\src\\controllers\\authController.js:21:30)\n    at Layer.handleRequest (D:\\eventManagementApp\\concertapp\\backend\\node_modules\\router\\lib\\layer.js:152:17)\n    at next (D:\\eventManagementApp\\concertapp\\backend\\node_modules\\router\\lib\\route.js:157:13)\n    at D:\\eventManagementApp\\concertapp\\backend\\src\\middlewares\\validation.js:6:5\n    at Layer.handleRequest (D:\\eventManagementApp\\concertapp\\backend\\node_modules\\router\\lib\\layer.js:152:17)\n    at next (D:\\eventManagementApp\\concertapp\\backend\\node_modules\\router\\lib\\route.js:157:13)\n    at D:\\eventManagementApp\\concertapp\\backend\\node_modules\\express-rate-limit\\dist\\index.cjs:942:7\n    at process.processTicksAndRejections (node:internal/process/task_queues:105:5)\n    at async D:\\eventManagementApp\\concertapp\\backend\\node_modules\\express-rate-limit\\dist\\index.cjs:825:5","timestamp":"2026-02-07T16:16:28.162Z"}
{"body":{"email":"eijazkhan9099@gmail.com","otp":"985683"},"level":"error","message":"OTP verify Up Error Invalid OTP","stack":"Error: Invalid OTP\n    at verifyOTP (D:\\eventManagementApp\\concertapp\\backend\\src\\services\\authServices.js:112:34)\n    at verifyOTPCtrl (D:\\eventManagementApp\\concertapp\\backend\\src\\controllers\\authController.js:21:30)\n    at Layer.handleRequest (D:\\eventManagementApp\\concertapp\\backend\\node_modules\\router\\lib\\layer.js:152:17)\n    at next (D:\\eventManagementApp\\concertapp\\backend\\node_modules\\router\\lib\\route.js:157:13)\n    at D:\\eventManagementApp\\concertapp\\backend\\src\\middlewares\\validation.js:6:5\n    at Layer.handleRequest (D:\\eventManagementApp\\concertapp\\backend\\node_modules\\router\\lib\\layer.js:152:17)\n    at next (D:\\eventManagementApp\\concertapp\\backend\\node_modules\\router\\lib\\route.js:157:13)\n    at D:\\eventManagementApp\\concertapp\\backend\\node_modules\\express-rate-limit\\dist\\index.cjs:942:7\n    at process.processTicksAndRejections (node:internal/process/task_queues:105:5)\n    at async D:\\eventManagementApp\\concertapp\\backend\\node_modules\\express-rate-limit\\dist\\index.cjs:825:5","timestamp":"2026-02-07T16:16:28.397Z"}
{"body":{"email":"eijazkhan9099@gmail.com","otp":"985683"},"level":"error","message":"OTP verify Up Error Invalid OTP","stack":"Error: Invalid OTP\n    at verifyOTP (D:\\eventManagementApp\\concertapp\\backend\\src\\services\\authServices.js:112:34)\n    at verifyOTPCtrl (D:\\eventManagementApp\\concertapp\\backend\\src\\controllers\\authController.js:21:30)\n    at Layer.handleRequest (D:\\eventManagementApp\\concertapp\\backend\\node_modules\\router\\lib\\layer.js:152:17)\n    at next (D:\\eventManagementApp\\concertapp\\backend\\node_modules\\router\\lib\\route.js:157:13)\n    at D:\\eventManagementApp\\concertapp\\backend\\src\\middlewares\\validation.js:6:5\n    at Layer.handleRequest (D:\\eventManagementApp\\concertapp\\backend\\node_modules\\router\\lib\\layer.js:152:17)\n    at next (D:\\eventManagementApp\\concertapp\\backend\\node_modules\\router\\lib\\route.js:157:13)\n    at D:\\eventManagementApp\\concertapp\\backend\\node_modules\\express-rate-limit\\dist\\index.cjs:942:7\n    at process.processTicksAndRejections (node:internal/process/task_queues:105:5)\n    at async D:\\eventManagementApp\\concertapp\\backend\\node_modules\\express-rate-limit\\dist\\index.cjs:825:5","timestamp":"2026-02-07T16:16:28.589Z"}
{"body":{"email":"eijazkhan9099@gmail.com","otp":"985683"},"level":"error","message":"OTP verify Up Error Invalid OTP","stack":"Error: Invalid OTP\n    at verifyOTP (D:\\eventManagementApp\\concertapp\\backend\\src\\services\\authServices.js:112:34)\n    at verifyOTPCtrl (D:\\eventManagementApp\\concertapp\\backend\\src\\controllers\\authController.js:21:30)\n    at Layer.handleRequest (D:\\eventManagementApp\\concertapp\\backend\\node_modules\\router\\lib\\layer.js:152:17)\n    at next (D:\\eventManagementApp\\concertapp\\backend\\node_modules\\router\\lib\\route.js:157:13)\n    at D:\\eventManagementApp\\concertapp\\backend\\src\\middlewares\\validation.js:6:5\n    at Layer.handleRequest (D:\\eventManagementApp\\concertapp\\backend\\node_modules\\router\\lib\\layer.js:152:17)\n    at next (D:\\eventManagementApp\\concertapp\\backend\\node_modules\\router\\lib\\route.js:157:13)\n    at D:\\eventManagementApp\\concertapp\\backend\\node_modules\\express-rate-limit\\dist\\index.cjs:942:7\n    at process.processTicksAndRejections (node:internal/process/task_queues:105:5)\n    at async D:\\eventManagementApp\\concertapp\\backend\\node_modules\\express-rate-limit\\dist\\index.cjs:825:5","timestamp":"2026-02-07T16:16:28.907Z"}
{"level":"info","message":"email sent","subject":"OTP Verification","timestamp":"2026-02-07T16:16:42.964Z","to":"eijazkhan9099@gmail.com"}
{"email":"eijazkhan9099@gmail.com","level":"info","message":"SignUp success","timestamp":"2026-02-07T16:16:42.965Z"}
{"level":"info","message":"email sent","subject":"OTP Verification","timestamp":"2026-02-07T16:16:48.485Z","to":"eijazkhan9099@gmail.com"}
{"email":"eijazkhan9099@gmail.com","level":"info","message":"SignUp success","timestamp":"2026-02-07T16:16:48.486Z"}
{"body":{"email":"eijazkhan9099@gmail.com","otp":"270871"},"level":"error","message":"OTP verify Up Error Invalid OTP","stack":"Error: Invalid OTP\n    at verifyOTP (D:\\eventManagementApp\\concertapp\\backend\\src\\services\\authServices.js:112:34)\n    at verifyOTPCtrl (D:\\eventManagementApp\\concertapp\\backend\\src\\controllers\\authController.js:21:30)\n    at Layer.handleRequest (D:\\eventManagementApp\\concertapp\\backend\\node_modules\\router\\lib\\layer.js:152:17)\n    at next (D:\\eventManagementApp\\concertapp\\backend\\node_modules\\router\\lib\\route.js:157:13)\n    at D:\\eventManagementApp\\concertapp\\backend\\src\\middlewares\\validation.js:6:5\n    at Layer.handleRequest (D:\\eventManagementApp\\concertapp\\backend\\node_modules\\router\\lib\\layer.js:152:17)\n    at next (D:\\eventManagementApp\\concertapp\\backend\\node_modules\\router\\lib\\route.js:157:13)\n    at D:\\eventManagementApp\\concertapp\\backend\\node_modules\\express-rate-limit\\dist\\index.cjs:942:7\n    at process.processTicksAndRejections (node:internal/process/task_queues:105:5)\n    at async D:\\eventManagementApp\\concertapp\\backend\\node_modules\\express-rate-limit\\dist\\index.cjs:825:5","timestamp":"2026-02-07T16:17:03.678Z"}
{"body":{"email":"eijazkhan9099@gmail.com","otp":"270871"},"level":"error","message":"OTP verify Up Error Invalid OTP","stack":"Error: Invalid OTP\n    at verifyOTP (D:\\eventManagementApp\\concertapp\\backend\\src\\services\\authServices.js:112:34)\n    at verifyOTPCtrl (D:\\eventManagementApp\\concertapp\\backend\\src\\controllers\\authController.js:21:30)\n    at Layer.handleRequest (D:\\eventManagementApp\\concertapp\\backend\\node_modules\\router\\lib\\layer.js:152:17)\n    at next (D:\\eventManagementApp\\concertapp\\backend\\node_modules\\router\\lib\\route.js:157:13)\n    at D:\\eventManagementApp\\concertapp\\backend\\src\\middlewares\\validation.js:6:5\n    at Layer.handleRequest (D:\\eventManagementApp\\concertapp\\backend\\node_modules\\router\\lib\\layer.js:152:17)\n    at next (D:\\eventManagementApp\\concertapp\\backend\\node_modules\\router\\lib\\route.js:157:13)\n    at D:\\eventManagementApp\\concertapp\\backend\\node_modules\\express-rate-limit\\dist\\index.cjs:942:7\n    at process.processTicksAndRejections (node:internal/process/task_queues:105:5)\n    at async D:\\eventManagementApp\\concertapp\\backend\\node_modules\\express-rate-limit\\dist\\index.cjs:825:5","timestamp":"2026-02-07T16:17:05.301Z"}
{"body":{"email":"eijazkhan9099@gmail.com","otp":"270871"},"level":"error","message":"OTP verify Up Error Invalid OTP","stack":"Error: Invalid OTP\n    at verifyOTP (D:\\eventManagementApp\\concertapp\\backend\\src\\services\\authServices.js:112:34)\n    at verifyOTPCtrl (D:\\eventManagementApp\\concertapp\\backend\\src\\controllers\\authController.js:21:30)\n    at Layer.handleRequest (D:\\eventManagementApp\\concertapp\\backend\\node_modules\\router\\lib\\layer.js:152:17)\n    at next (D:\\eventManagementApp\\concertapp\\backend\\node_modules\\router\\lib\\route.js:157:13)\n    at D:\\eventManagementApp\\concertapp\\backend\\src\\middlewares\\validation.js:6:5\n    at Layer.handleRequest (D:\\eventManagementApp\\concertapp\\backend\\node_modules\\router\\lib\\layer.js:152:17)\n    at next (D:\\eventManagementApp\\concertapp\\backend\\node_modules\\router\\lib\\route.js:157:13)\n    at D:\\eventManagementApp\\concertapp\\backend\\node_modules\\express-rate-limit\\dist\\index.cjs:942:7\n    at process.processTicksAndRejections (node:internal/process/task_queues:105:5)\n    at async D:\\eventManagementApp\\concertapp\\backend\\node_modules\\express-rate-limit\\dist\\index.cjs:825:5","timestamp":"2026-02-07T16:17:06.351Z"}
{"body":{"email":"eijazkhan9099@gmail.com","otp":"270871"},"level":"error","message":"OTP verify Up Error Invalid OTP","stack":"Error: Invalid OTP\n    at verifyOTP (D:\\eventManagementApp\\concertapp\\backend\\src\\services\\authServices.js:112:34)\n    at verifyOTPCtrl (D:\\eventManagementApp\\concertapp\\backend\\src\\controllers\\authController.js:21:30)\n    at Layer.handleRequest (D:\\eventManagementApp\\concertapp\\backend\\node_modules\\router\\lib\\layer.js:152:17)\n    at next (D:\\eventManagementApp\\concertapp\\backend\\node_modules\\router\\lib\\route.js:157:13)\n    at D:\\eventManagementApp\\concertapp\\backend\\src\\middlewares\\validation.js:6:5\n    at Layer.handleRequest (D:\\eventManagementApp\\concertapp\\backend\\node_modules\\router\\lib\\layer.js:152:17)\n    at next (D:\\eventManagementApp\\concertapp\\backend\\node_modules\\router\\lib\\route.js:157:13)\n    at D:\\eventManagementApp\\concertapp\\backend\\node_modules\\express-rate-limit\\dist\\index.cjs:942:7\n    at process.processTicksAndRejections (node:internal/process/task_queues:105:5)\n    at async D:\\eventManagementApp\\concertapp\\backend\\node_modules\\express-rate-limit\\dist\\index.cjs:825:5","timestamp":"2026-02-07T16:17:10.547Z"}
{"body":{"email":"eijazkhan9099@gmail.com","otp":"270871"},"level":"error","message":"OTP verify Up Error Invalid OTP","stack":"Error: Invalid OTP\n    at verifyOTP (D:\\eventManagementApp\\concertapp\\backend\\src\\services\\authServices.js:112:34)\n    at verifyOTPCtrl (D:\\eventManagementApp\\concertapp\\backend\\src\\controllers\\authController.js:21:30)\n    at Layer.handleRequest (D:\\eventManagementApp\\concertapp\\backend\\node_modules\\router\\lib\\layer.js:152:17)\n    at next (D:\\eventManagementApp\\concertapp\\backend\\node_modules\\router\\lib\\route.js:157:13)\n    at D:\\eventManagementApp\\concertapp\\backend\\src\\middlewares\\validation.js:6:5\n    at Layer.handleRequest (D:\\eventManagementApp\\concertapp\\backend\\node_modules\\router\\lib\\layer.js:152:17)\n    at next (D:\\eventManagementApp\\concertapp\\backend\\node_modules\\router\\lib\\route.js:157:13)\n    at D:\\eventManagementApp\\concertapp\\backend\\node_modules\\express-rate-limit\\dist\\index.cjs:942:7\n    at process.processTicksAndRejections (node:internal/process/task_queues:105:5)\n    at async D:\\eventManagementApp\\concertapp\\backend\\node_modules\\express-rate-limit\\dist\\index.cjs:825:5","timestamp":"2026-02-07T16:17:12.484Z"}
{"body":{"email":"eijazkhan9099@gmail.com","otp":"270871"},"level":"error","message":"OTP verify Up Error Invalid OTP","stack":"Error: Invalid OTP\n    at verifyOTP (D:\\eventManagementApp\\concertapp\\backend\\src\\services\\authServices.js:112:34)\n    at verifyOTPCtrl (D:\\eventManagementApp\\concertapp\\backend\\src\\controllers\\authController.js:21:30)\n    at Layer.handleRequest (D:\\eventManagementApp\\concertapp\\backend\\node_modules\\router\\lib\\layer.js:152:17)\n    at next (D:\\eventManagementApp\\concertapp\\backend\\node_modules\\router\\lib\\route.js:157:13)\n    at D:\\eventManagementApp\\concertapp\\backend\\src\\middlewares\\validation.js:6:5\n    at Layer.handleRequest (D:\\eventManagementApp\\concertapp\\backend\\node_modules\\router\\lib\\layer.js:152:17)\n    at next (D:\\eventManagementApp\\concertapp\\backend\\node_modules\\router\\lib\\route.js:157:13)\n    at D:\\eventManagementApp\\concertapp\\backend\\node_modules\\express-rate-limit\\dist\\index.cjs:942:7\n    at process.processTicksAndRejections (node:internal/process/task_queues:105:5)\n    at async D:\\eventManagementApp\\concertapp\\backend\\node_modules\\express-rate-limit\\dist\\index.cjs:825:5","timestamp":"2026-02-07T16:17:13.536Z"}
{"body":{"email":"eijazkhan9099@gmail.com","otp":"270871"},"level":"error","message":"OTP verify Up Error Invalid OTP","stack":"Error: Invalid OTP\n    at verifyOTP (D:\\eventManagementApp\\concertapp\\backend\\src\\services\\authServices.js:112:34)\n    at verifyOTPCtrl (D:\\eventManagementApp\\concertapp\\backend\\src\\controllers\\authController.js:21:30)\n    at Layer.handleRequest (D:\\eventManagementApp\\concertapp\\backend\\node_modules\\router\\lib\\layer.js:152:17)\n    at next (D:\\eventManagementApp\\concertapp\\backend\\node_modules\\router\\lib\\route.js:157:13)\n    at D:\\eventManagementApp\\concertapp\\backend\\src\\middlewares\\validation.js:6:5\n    at Layer.handleRequest (D:\\eventManagementApp\\concertapp\\backend\\node_modules\\router\\lib\\layer.js:152:17)\n    at next (D:\\eventManagementApp\\concertapp\\backend\\node_modules\\router\\lib\\route.js:157:13)\n    at D:\\eventManagementApp\\concertapp\\backend\\node_modules\\express-rate-limit\\dist\\index.cjs:942:7\n    at process.processTicksAndRejections (node:internal/process/task_queues:105:5)\n    at async D:\\eventManagementApp\\concertapp\\backend\\node_modules\\express-rate-limit\\dist\\index.cjs:825:5","timestamp":"2026-02-07T16:17:13.713Z"}
{"level":"info","message":"email sent","subject":"OTP Verification","timestamp":"2026-02-07T16:19:44.579Z","to":"eijazkhan9099@gmail.com"}
{"email":"eijazkhan9099@gmail.com","level":"info","message":"SignUp success","timestamp":"2026-02-07T16:19:44.582Z"}
{"body":{"email":"eijazkhan9099@gmail.com","otp":"576777"},"level":"error","message":"OTP verify Up Error secretOrPrivateKey must have a value","stack":"Error: secretOrPrivateKey must have a value\n    at module.exports [as sign] (D:\\eventManagementApp\\concertapp\\backend\\node_modules\\jsonwebtoken\\sign.js:111:20)\n    at generateAccessToken (D:\\eventManagementApp\\concertapp\\backend\\src\\utils\\jwt.js:4:16)\n    at verifyOTP (D:\\eventManagementApp\\concertapp\\backend\\src\\services\\authServices.js:117:25)\n    at async verifyOTPCtrl (D:\\eventManagementApp\\concertapp\\backend\\src\\controllers\\authController.js:21:24)","timestamp":"2026-02-07T16:20:01.265Z"}
{"body":{"email":"eijazkhan9099@gmail.com","otp":"576777"},"level":"error","message":"OTP verify Up Error secretOrPrivateKey must have a value","stack":"Error: secretOrPrivateKey must have a value\n    at module.exports [as sign] (D:\\eventManagementApp\\concertapp\\backend\\node_modules\\jsonwebtoken\\sign.js:111:20)\n    at generateAccessToken (D:\\eventManagementApp\\concertapp\\backend\\src\\utils\\jwt.js:4:16)\n    at verifyOTP (D:\\eventManagementApp\\concertapp\\backend\\src\\services\\authServices.js:117:25)\n    at async verifyOTPCtrl (D:\\eventManagementApp\\concertapp\\backend\\src\\controllers\\authController.js:21:24)","timestamp":"2026-02-07T16:20:08.072Z"}
{"body":{"email":"eijazkhan9099@gmail.com","otp":"576777"},"level":"error","message":"OTP verify Up Error secretOrPrivateKey must have a value","stack":"Error: secretOrPrivateKey must have a value\n    at module.exports [as sign] (D:\\eventManagementApp\\concertapp\\backend\\node_modules\\jsonwebtoken\\sign.js:111:20)\n    at generateAccessToken (D:\\eventManagementApp\\concertapp\\backend\\src\\utils\\jwt.js:4:16)\n    at verifyOTP (D:\\eventManagementApp\\concertapp\\backend\\src\\services\\authServices.js:117:25)\n    at async verifyOTPCtrl (D:\\eventManagementApp\\concertapp\\backend\\src\\controllers\\authController.js:21:24)","timestamp":"2026-02-07T16:20:11.454Z"}
{"body":{"email":"eijazkhan9099@gmail.com","otp":"576777"},"level":"error","message":"OTP verify Up Error secretOrPrivateKey must have a value","stack":"Error: secretOrPrivateKey must have a value\n    at module.exports [as sign] (D:\\eventManagementApp\\concertapp\\backend\\node_modules\\jsonwebtoken\\sign.js:111:20)\n    at generateAccessToken (D:\\eventManagementApp\\concertapp\\backend\\src\\utils\\jwt.js:4:16)\n    at verifyOTP (D:\\eventManagementApp\\concertapp\\backend\\src\\services\\authServices.js:117:25)\n    at async verifyOTPCtrl (D:\\eventManagementApp\\concertapp\\backend\\src\\controllers\\authController.js:21:24)","timestamp":"2026-02-07T16:20:13.265Z"}
{"body":{"email":"eijazkhan9099@gmail.com","otp":"576777"},"level":"error","message":"OTP verify Up Error secretOrPrivateKey must have a value","stack":"Error: secretOrPrivateKey must have a value\n    at module.exports [as sign] (D:\\eventManagementApp\\concertapp\\backend\\node_modules\\jsonwebtoken\\sign.js:111:20)\n    at generateAccessToken (D:\\eventManagementApp\\concertapp\\backend\\src\\utils\\jwt.js:4:16)\n    at verifyOTP (D:\\eventManagementApp\\concertapp\\backend\\src\\services\\authServices.js:117:25)\n    at async verifyOTPCtrl (D:\\eventManagementApp\\concertapp\\backend\\src\\controllers\\authController.js:21:24)","timestamp":"2026-02-07T16:20:13.679Z"}
{"body":{"email":"eijazkhan9099@gmail.com","otp":"576777"},"level":"error","message":"OTP verify Up Error secretOrPrivateKey must have a value","stack":"Error: secretOrPrivateKey must have a value\n    at module.exports [as sign] (D:\\eventManagementApp\\concertapp\\backend\\node_modules\\jsonwebtoken\\sign.js:111:20)\n    at generateAccessToken (D:\\eventManagementApp\\concertapp\\backend\\src\\utils\\jwt.js:4:16)\n    at verifyOTP (D:\\eventManagementApp\\concertapp\\backend\\src\\services\\authServices.js:117:25)\n    at async verifyOTPCtrl (D:\\eventManagementApp\\concertapp\\backend\\src\\controllers\\authController.js:21:24)","timestamp":"2026-02-07T16:20:13.810Z"}
{"body":{"email":"eijazkhan9099@gmail.com","otp":"576777"},"level":"error","message":"OTP verify Up Error secretOrPrivateKey must have a value","stack":"Error: secretOrPrivateKey must have a value\n    at module.exports [as sign] (D:\\eventManagementApp\\concertapp\\backend\\node_modules\\jsonwebtoken\\sign.js:111:20)\n    at generateAccessToken (D:\\eventManagementApp\\concertapp\\backend\\src\\utils\\jwt.js:4:16)\n    at verifyOTP (D:\\eventManagementApp\\concertapp\\backend\\src\\services\\authServices.js:117:25)\n    at async verifyOTPCtrl (D:\\eventManagementApp\\concertapp\\backend\\src\\controllers\\authController.js:21:24)","timestamp":"2026-02-07T16:20:14.035Z"}
{"body":{"email":"eijazkhan9099@gmail.com","otp":"576777"},"level":"error","message":"OTP verify Up Error secretOrPrivateKey must have a value","stack":"Error: secretOrPrivateKey must have a value\n    at module.exports [as sign] (D:\\eventManagementApp\\concertapp\\backend\\node_modules\\jsonwebtoken\\sign.js:111:20)\n    at generateAccessToken (D:\\eventManagementApp\\concertapp\\backend\\src\\utils\\jwt.js:4:16)\n    at verifyOTP (D:\\eventManagementApp\\concertapp\\backend\\src\\services\\authServices.js:117:25)\n    at async verifyOTPCtrl (D:\\eventManagementApp\\concertapp\\backend\\src\\controllers\\authController.js:21:24)","timestamp":"2026-02-07T16:20:14.285Z"}
{"body":{"email":"eijazkhan9099@gmail.com","otp":"576777"},"level":"error","message":"OTP verify Up Error secretOrPrivateKey must have a value","stack":"Error: secretOrPrivateKey must have a value\n    at module.exports [as sign] (D:\\eventManagementApp\\concertapp\\backend\\node_modules\\jsonwebtoken\\sign.js:111:20)\n    at generateAccessToken (D:\\eventManagementApp\\concertapp\\backend\\src\\utils\\jwt.js:4:16)\n    at verifyOTP (D:\\eventManagementApp\\concertapp\\backend\\src\\services\\authServices.js:117:25)\n    at async verifyOTPCtrl (D:\\eventManagementApp\\concertapp\\backend\\src\\controllers\\authController.js:21:24)","timestamp":"2026-02-07T16:20:14.536Z"}
{"body":{"email":"eijazkhan9099@gmail.com","otp":"576777"},"level":"error","message":"OTP verify Up Error secretOrPrivateKey must have a value","stack":"Error: secretOrPrivateKey must have a value\n    at module.exports [as sign] (D:\\eventManagementApp\\concertapp\\backend\\node_modules\\jsonwebtoken\\sign.js:111:20)\n    at generateAccessToken (D:\\eventManagementApp\\concertapp\\backend\\src\\utils\\jwt.js:4:16)\n    at verifyOTP (D:\\eventManagementApp\\concertapp\\backend\\src\\services\\authServices.js:117:25)\n    at async verifyOTPCtrl (D:\\eventManagementApp\\concertapp\\backend\\src\\controllers\\authController.js:21:24)","timestamp":"2026-02-07T16:20:15.122Z"}
{"body":{"email":"eijazkhan9099@gmail.com","otp":"576777"},"level":"error","message":"OTP verify Up Error secretOrPrivateKey must have a value","stack":"Error: secretOrPrivateKey must have a value\n    at module.exports [as sign] (D:\\eventManagementApp\\concertapp\\backend\\node_modules\\jsonwebtoken\\sign.js:111:20)\n    at generateAccessToken (D:\\eventManagementApp\\concertapp\\backend\\src\\utils\\jwt.js:4:16)\n    at verifyOTP (D:\\eventManagementApp\\concertapp\\backend\\src\\services\\authServices.js:117:25)\n    at async verifyOTPCtrl (D:\\eventManagementApp\\concertapp\\backend\\src\\controllers\\authController.js:21:24)","timestamp":"2026-02-07T16:20:15.312Z"}
{"body":{"email":"eijazkhan9099@gmail.com","otp":"576777"},"level":"error","message":"OTP verify Up Error secretOrPrivateKey must have a value","stack":"Error: secretOrPrivateKey must have a value\n    at module.exports [as sign] (D:\\eventManagementApp\\concertapp\\backend\\node_modules\\jsonwebtoken\\sign.js:111:20)\n    at generateAccessToken (D:\\eventManagementApp\\concertapp\\backend\\src\\utils\\jwt.js:4:16)\n    at verifyOTP (D:\\eventManagementApp\\concertapp\\backend\\src\\services\\authServices.js:117:25)\n    at async verifyOTPCtrl (D:\\eventManagementApp\\concertapp\\backend\\src\\controllers\\authController.js:21:24)","timestamp":"2026-02-07T16:20:15.642Z"}
{"level":"info","message":"Server running on port 3000","timestamp":"2026-02-07T16:20:26.504Z"}
{"level":"info","message":"email sent","subject":"OTP Verification","timestamp":"2026-02-07T16:20:34.343Z","to":"eijazkhan9099@gmail.com"}
{"email":"eijazkhan9099@gmail.com","level":"info","message":"SignUp success","timestamp":"2026-02-07T16:20:34.344Z"}
{"body":{"email":"eijazkhan9099@gmail.com","otp":"602362"},"level":"error","message":"OTP verify Up Error secretOrPrivateKey must have a value","stack":"Error: secretOrPrivateKey must have a value\n    at module.exports [as sign] (D:\\eventManagementApp\\concertapp\\backend\\node_modules\\jsonwebtoken\\sign.js:111:20)\n    at generateAccessToken (D:\\eventManagementApp\\concertapp\\backend\\src\\utils\\jwt.js:4:16)\n    at verifyOTP (D:\\eventManagementApp\\concertapp\\backend\\src\\services\\authServices.js:117:25)\n    at async verifyOTPCtrl (D:\\eventManagementApp\\concertapp\\backend\\src\\controllers\\authController.js:21:24)","timestamp":"2026-02-07T16:20:59.685Z"}
{"body":{"email":"eijazkhan9099@gmail.com","otp":"602362"},"level":"error","message":"OTP verify Up Error secretOrPrivateKey must have a value","stack":"Error: secretOrPrivateKey must have a value\n    at module.exports [as sign] (D:\\eventManagementApp\\concertapp\\backend\\node_modules\\jsonwebtoken\\sign.js:111:20)\n    at generateAccessToken (D:\\eventManagementApp\\concertapp\\backend\\src\\utils\\jwt.js:4:16)\n    at verifyOTP (D:\\eventManagementApp\\concertapp\\backend\\src\\services\\authServices.js:117:25)\n    at async verifyOTPCtrl (D:\\eventManagementApp\\concertapp\\backend\\src\\controllers\\authController.js:21:24)","timestamp":"2026-02-07T16:21:03.785Z"}
{"body":{"email":"eijazkhan9099@gmail.com","otp":"602362"},"level":"error","message":"OTP verify Up Error secretOrPrivateKey must have a value","stack":"Error: secretOrPrivateKey must have a value\n    at module.exports [as sign] (D:\\eventManagementApp\\concertapp\\backend\\node_modules\\jsonwebtoken\\sign.js:111:20)\n    at generateAccessToken (D:\\eventManagementApp\\concertapp\\backend\\src\\utils\\jwt.js:4:16)\n    at verifyOTP (D:\\eventManagementApp\\concertapp\\backend\\src\\services\\authServices.js:117:25)\n    at async verifyOTPCtrl (D:\\eventManagementApp\\concertapp\\backend\\src\\controllers\\authController.js:21:24)","timestamp":"2026-02-07T16:21:04.577Z"}
{"body":{"email":"eijazkhan9099@gmail.com","otp":"602362"},"level":"error","message":"OTP verify Up Error secretOrPrivateKey must have a value","stack":"Error: secretOrPrivateKey must have a value\n    at module.exports [as sign] (D:\\eventManagementApp\\concertapp\\backend\\node_modules\\jsonwebtoken\\sign.js:111:20)\n    at generateAccessToken (D:\\eventManagementApp\\concertapp\\backend\\src\\utils\\jwt.js:4:16)\n    at verifyOTP (D:\\eventManagementApp\\concertapp\\backend\\src\\services\\authServices.js:117:25)\n    at async verifyOTPCtrl (D:\\eventManagementApp\\concertapp\\backend\\src\\controllers\\authController.js:21:24)","timestamp":"2026-02-07T16:21:04.701Z"}
{"body":{"email":"eijazkhan9099@gmail.com","otp":"602362"},"level":"error","message":"OTP verify Up Error secretOrPrivateKey must have a value","stack":"Error: secretOrPrivateKey must have a value\n    at module.exports [as sign] (D:\\eventManagementApp\\concertapp\\backend\\node_modules\\jsonwebtoken\\sign.js:111:20)\n    at generateAccessToken (D:\\eventManagementApp\\concertapp\\backend\\src\\utils\\jwt.js:4:16)\n    at verifyOTP (D:\\eventManagementApp\\concertapp\\backend\\src\\services\\authServices.js:117:25)\n    at async verifyOTPCtrl (D:\\eventManagementApp\\concertapp\\backend\\src\\controllers\\authController.js:21:24)","timestamp":"2026-02-07T16:21:04.886Z"}
{"body":{"email":"eijazkhan9099@gmail.com","otp":"602362"},"level":"error","message":"OTP verify Up Error secretOrPrivateKey must have a value","stack":"Error: secretOrPrivateKey must have a value\n    at module.exports [as sign] (D:\\eventManagementApp\\concertapp\\backend\\node_modules\\jsonwebtoken\\sign.js:111:20)\n    at generateAccessToken (D:\\eventManagementApp\\concertapp\\backend\\src\\utils\\jwt.js:4:16)\n    at verifyOTP (D:\\eventManagementApp\\concertapp\\backend\\src\\services\\authServices.js:117:25)\n    at async verifyOTPCtrl (D:\\eventManagementApp\\concertapp\\backend\\src\\controllers\\authController.js:21:24)","timestamp":"2026-02-07T16:21:05.140Z"}
{"body":{"email":"eijazkhan9099@gmail.com","otp":"602362"},"level":"error","message":"OTP verify Up Error secretOrPrivateKey must have a value","stack":"Error: secretOrPrivateKey must have a value\n    at module.exports [as sign] (D:\\eventManagementApp\\concertapp\\backend\\node_modules\\jsonwebtoken\\sign.js:111:20)\n    at generateAccessToken (D:\\eventManagementApp\\concertapp\\backend\\src\\utils\\jwt.js:4:16)\n    at verifyOTP (D:\\eventManagementApp\\concertapp\\backend\\src\\services\\authServices.js:117:25)\n    at async verifyOTPCtrl (D:\\eventManagementApp\\concertapp\\backend\\src\\controllers\\authController.js:21:24)","timestamp":"2026-02-07T16:21:07.521Z"}
{"body":{"email":"eijazkhan9099@gmail.com","otp":"602362"},"level":"error","message":"OTP verify Up Error secretOrPrivateKey must have a value","stack":"Error: secretOrPrivateKey must have a value\n    at module.exports [as sign] (D:\\eventManagementApp\\concertapp\\backend\\node_modules\\jsonwebtoken\\sign.js:111:20)\n    at generateAccessToken (D:\\eventManagementApp\\concertapp\\backend\\src\\utils\\jwt.js:4:16)\n    at verifyOTP (D:\\eventManagementApp\\concertapp\\backend\\src\\services\\authServices.js:117:25)\n    at async verifyOTPCtrl (D:\\eventManagementApp\\concertapp\\backend\\src\\controllers\\authController.js:21:24)","timestamp":"2026-02-07T16:21:07.762Z"}
{"body":{"email":"eijazkhan9099@gmail.com","otp":"602362"},"level":"error","message":"OTP verify Up Error secretOrPrivateKey must have a value","stack":"Error: secretOrPrivateKey must have a value\n    at module.exports [as sign] (D:\\eventManagementApp\\concertapp\\backend\\node_modules\\jsonwebtoken\\sign.js:111:20)\n    at generateAccessToken (D:\\eventManagementApp\\concertapp\\backend\\src\\utils\\jwt.js:4:16)\n    at verifyOTP (D:\\eventManagementApp\\concertapp\\backend\\src\\services\\authServices.js:117:25)\n    at async verifyOTPCtrl (D:\\eventManagementApp\\concertapp\\backend\\src\\controllers\\authController.js:21:24)","timestamp":"2026-02-07T16:21:07.978Z"}
{"body":{"email":"eijazkhan9099@gmail.com","otp":"602362"},"level":"error","message":"OTP verify Up Error secretOrPrivateKey must have a value","stack":"Error: secretOrPrivateKey must have a value\n    at module.exports [as sign] (D:\\eventManagementApp\\concertapp\\backend\\node_modules\\jsonwebtoken\\sign.js:111:20)\n    at generateAccessToken (D:\\eventManagementApp\\concertapp\\backend\\src\\utils\\jwt.js:4:16)\n    at verifyOTP (D:\\eventManagementApp\\concertapp\\backend\\src\\services\\authServices.js:117:25)\n    at async verifyOTPCtrl (D:\\eventManagementApp\\concertapp\\backend\\src\\controllers\\authController.js:21:24)","timestamp":"2026-02-07T16:21:08.217Z"}
{"body":{"email":"eijazkhan9099@gmail.com","otp":"602362"},"level":"error","message":"OTP verify Up Error secretOrPrivateKey must have a value","stack":"Error: secretOrPrivateKey must have a value\n    at module.exports [as sign] (D:\\eventManagementApp\\concertapp\\backend\\node_modules\\jsonwebtoken\\sign.js:111:20)\n    at generateAccessToken (D:\\eventManagementApp\\concertapp\\backend\\src\\utils\\jwt.js:4:16)\n    at verifyOTP (D:\\eventManagementApp\\concertapp\\backend\\src\\services\\authServices.js:117:25)\n    at async verifyOTPCtrl (D:\\eventManagementApp\\concertapp\\backend\\src\\controllers\\authController.js:21:24)","timestamp":"2026-02-07T16:21:08.469Z"}
{"body":{"email":"eijazkhan9099@gmail.com","otp":"602362"},"level":"error","message":"OTP verify Up Error secretOrPrivateKey must have a value","stack":"Error: secretOrPrivateKey must have a value\n    at module.exports [as sign] (D:\\eventManagementApp\\concertapp\\backend\\node_modules\\jsonwebtoken\\sign.js:111:20)\n    at generateAccessToken (D:\\eventManagementApp\\concertapp\\backend\\src\\utils\\jwt.js:4:16)\n    at verifyOTP (D:\\eventManagementApp\\concertapp\\backend\\src\\services\\authServices.js:117:25)\n    at async verifyOTPCtrl (D:\\eventManagementApp\\concertapp\\backend\\src\\controllers\\authController.js:21:24)","timestamp":"2026-02-07T16:21:08.672Z"}
{"body":{"email":"eijazkhan9099@gmail.com","otp":"602362"},"level":"error","message":"OTP verify Up Error secretOrPrivateKey must have a value","stack":"Error: secretOrPrivateKey must have a value\n    at module.exports [as sign] (D:\\eventManagementApp\\concertapp\\backend\\node_modules\\jsonwebtoken\\sign.js:111:20)\n    at generateAccessToken (D:\\eventManagementApp\\concertapp\\backend\\src\\utils\\jwt.js:4:16)\n    at verifyOTP (D:\\eventManagementApp\\concertapp\\backend\\src\\services\\authServices.js:117:25)\n    at async verifyOTPCtrl (D:\\eventManagementApp\\concertapp\\backend\\src\\controllers\\authController.js:21:24)","timestamp":"2026-02-07T16:21:08.905Z"}
{"body":{"email":"eijazkhan9099@gmail.com","otp":"602362"},"level":"error","message":"OTP verify Up Error secretOrPrivateKey must have a value","stack":"Error: secretOrPrivateKey must have a value\n    at module.exports [as sign] (D:\\eventManagementApp\\concertapp\\backend\\node_modules\\jsonwebtoken\\sign.js:111:20)\n    at generateAccessToken (D:\\eventManagementApp\\concertapp\\backend\\src\\utils\\jwt.js:4:16)\n    at verifyOTP (D:\\eventManagementApp\\concertapp\\backend\\src\\services\\authServices.js:117:25)\n    at async verifyOTPCtrl (D:\\eventManagementApp\\concertapp\\backend\\src\\controllers\\authController.js:21:24)","timestamp":"2026-02-07T16:21:09.154Z"}
{"body":{"email":"eijazkhan9099@gmail.com","otp":"602362"},"level":"error","message":"OTP verify Up Error secretOrPrivateKey must have a value","stack":"Error: secretOrPrivateKey must have a value\n    at module.exports [as sign] (D:\\eventManagementApp\\concertapp\\backend\\node_modules\\jsonwebtoken\\sign.js:111:20)\n    at generateAccessToken (D:\\eventManagementApp\\concertapp\\backend\\src\\utils\\jwt.js:4:16)\n    at verifyOTP (D:\\eventManagementApp\\concertapp\\backend\\src\\services\\authServices.js:117:25)\n    at async verifyOTPCtrl (D:\\eventManagementApp\\concertapp\\backend\\src\\controllers\\authController.js:21:24)","timestamp":"2026-02-07T16:21:09.362Z"}
{"body":{"email":"eijazkhan9099@gmail.com","otp":"602362"},"level":"error","message":"OTP verify Up Error secretOrPrivateKey must have a value","stack":"Error: secretOrPrivateKey must have a value\n    at module.exports [as sign] (D:\\eventManagementApp\\concertapp\\backend\\node_modules\\jsonwebtoken\\sign.js:111:20)\n    at generateAccessToken (D:\\eventManagementApp\\concertapp\\backend\\src\\utils\\jwt.js:4:16)\n    at verifyOTP (D:\\eventManagementApp\\concertapp\\backend\\src\\services\\authServices.js:117:25)\n    at async verifyOTPCtrl (D:\\eventManagementApp\\concertapp\\backend\\src\\controllers\\authController.js:21:24)","timestamp":"2026-02-07T16:21:09.566Z"}
{"body":{"email":"eijazkhan9099@gmail.com","otp":"602362"},"level":"error","message":"OTP verify Up Error secretOrPrivateKey must have a value","stack":"Error: secretOrPrivateKey must have a value\n    at module.exports [as sign] (D:\\eventManagementApp\\concertapp\\backend\\node_modules\\jsonwebtoken\\sign.js:111:20)\n    at generateAccessToken (D:\\eventManagementApp\\concertapp\\backend\\src\\utils\\jwt.js:4:16)\n    at verifyOTP (D:\\eventManagementApp\\concertapp\\backend\\src\\services\\authServices.js:117:25)\n    at async verifyOTPCtrl (D:\\eventManagementApp\\concertapp\\backend\\src\\controllers\\authController.js:21:24)","timestamp":"2026-02-07T16:21:09.806Z"}
{"body":{"email":"eijazkhan9099@gmail.com","otp":"602362"},"level":"error","message":"OTP verify Up Error secretOrPrivateKey must have a value","stack":"Error: secretOrPrivateKey must have a value\n    at module.exports [as sign] (D:\\eventManagementApp\\concertapp\\backend\\node_modules\\jsonwebtoken\\sign.js:111:20)\n    at generateAccessToken (D:\\eventManagementApp\\concertapp\\backend\\src\\utils\\jwt.js:4:16)\n    at verifyOTP (D:\\eventManagementApp\\concertapp\\backend\\src\\services\\authServices.js:117:25)\n    at async verifyOTPCtrl (D:\\eventManagementApp\\concertapp\\backend\\src\\controllers\\authController.js:21:24)","timestamp":"2026-02-07T16:21:10.038Z"}
{"body":{"email":"eijazkhan9099@gmail.com","otp":"602362"},"level":"error","message":"OTP verify Up Error secretOrPrivateKey must have a value","stack":"Error: secretOrPrivateKey must have a value\n    at module.exports [as sign] (D:\\eventManagementApp\\concertapp\\backend\\node_modules\\jsonwebtoken\\sign.js:111:20)\n    at generateAccessToken (D:\\eventManagementApp\\concertapp\\backend\\src\\utils\\jwt.js:4:16)\n    at verifyOTP (D:\\eventManagementApp\\concertapp\\backend\\src\\services\\authServices.js:117:25)\n    at async verifyOTPCtrl (D:\\eventManagementApp\\concertapp\\backend\\src\\controllers\\authController.js:21:24)","timestamp":"2026-02-07T16:21:11.412Z"}
{"body":{"email":"eijazkhan9099@gmail.com","otp":"602362"},"level":"error","message":"OTP verify Up Error secretOrPrivateKey must have a value","stack":"Error: secretOrPrivateKey must have a value\n    at module.exports [as sign] (D:\\eventManagementApp\\concertapp\\backend\\node_modules\\jsonwebtoken\\sign.js:111:20)\n    at generateAccessToken (D:\\eventManagementApp\\concertapp\\backend\\src\\utils\\jwt.js:4:16)\n    at verifyOTP (D:\\eventManagementApp\\concertapp\\backend\\src\\services\\authServices.js:117:25)\n    at async verifyOTPCtrl (D:\\eventManagementApp\\concertapp\\backend\\src\\controllers\\authController.js:21:24)","timestamp":"2026-02-07T16:21:11.770Z"}
{"level":"info","message":"email sent","subject":"OTP Verification","timestamp":"2026-02-07T16:22:15.881Z","to":"eijazkhan9099@gmail.com"}
{"email":"eijazkhan9099@gmail.com","level":"info","message":"SignUp success","timestamp":"2026-02-07T16:22:15.887Z"}
{"body":{"email":"eijazkhan9099@gmail.com","otp":"598027"},"level":"error","message":"OTP verify Up Error secretOrPrivateKey must have a value","stack":"Error: secretOrPrivateKey must have a value\n    at module.exports [as sign] (D:\\eventManagementApp\\concertapp\\backend\\node_modules\\jsonwebtoken\\sign.js:111:20)\n    at generateAccessToken (D:\\eventManagementApp\\concertapp\\backend\\src\\utils\\jwt.js:4:16)\n    at verifyOTP (D:\\eventManagementApp\\concertapp\\backend\\src\\services\\authServices.js:117:25)\n    at async verifyOTPCtrl (D:\\eventManagementApp\\concertapp\\backend\\src\\controllers\\authController.js:21:24)","timestamp":"2026-02-07T16:22:40.251Z"}
{"body":{"email":"eijazkhan9099@gmail.com","otp":"598027"},"level":"error","message":"OTP verify Up Error secretOrPrivateKey must have a value","stack":"Error: secretOrPrivateKey must have a value\n    at module.exports [as sign] (D:\\eventManagementApp\\concertapp\\backend\\node_modules\\jsonwebtoken\\sign.js:111:20)\n    at generateAccessToken (D:\\eventManagementApp\\concertapp\\backend\\src\\utils\\jwt.js:4:16)\n    at verifyOTP (D:\\eventManagementApp\\concertapp\\backend\\src\\services\\authServices.js:117:25)\n    at async verifyOTPCtrl (D:\\eventManagementApp\\concertapp\\backend\\src\\controllers\\authController.js:21:24)","timestamp":"2026-02-07T16:22:41.373Z"}
{"body":{"email":"eijazkhan9099@gmail.com","otp":"598027"},"level":"error","message":"OTP verify Up Error secretOrPrivateKey must have a value","stack":"Error: secretOrPrivateKey must have a value\n    at module.exports [as sign] (D:\\eventManagementApp\\concertapp\\backend\\node_modules\\jsonwebtoken\\sign.js:111:20)\n    at generateAccessToken (D:\\eventManagementApp\\concertapp\\backend\\src\\utils\\jwt.js:4:16)\n    at verifyOTP (D:\\eventManagementApp\\concertapp\\backend\\src\\services\\authServices.js:117:25)\n    at async verifyOTPCtrl (D:\\eventManagementApp\\concertapp\\backend\\src\\controllers\\authController.js:21:24)","timestamp":"2026-02-07T16:22:41.901Z"}
{"body":{"email":"eijazkhan9099@gmail.com","otp":"598027"},"level":"error","message":"OTP verify Up Error secretOrPrivateKey must have a value","stack":"Error: secretOrPrivateKey must have a value\n    at module.exports [as sign] (D:\\eventManagementApp\\concertapp\\backend\\node_modules\\jsonwebtoken\\sign.js:111:20)\n    at generateAccessToken (D:\\eventManagementApp\\concertapp\\backend\\src\\utils\\jwt.js:4:16)\n    at verifyOTP (D:\\eventManagementApp\\concertapp\\backend\\src\\services\\authServices.js:117:25)\n    at async verifyOTPCtrl (D:\\eventManagementApp\\concertapp\\backend\\src\\controllers\\authController.js:21:24)","timestamp":"2026-02-07T16:22:42.137Z"}
{"body":{"email":"eijazkhan9099@gmail.com","otp":"598027"},"level":"error","message":"OTP verify Up Error secretOrPrivateKey must have a value","stack":"Error: secretOrPrivateKey must have a value\n    at module.exports [as sign] (D:\\eventManagementApp\\concertapp\\backend\\node_modules\\jsonwebtoken\\sign.js:111:20)\n    at generateAccessToken (D:\\eventManagementApp\\concertapp\\backend\\src\\utils\\jwt.js:4:16)\n    at verifyOTP (D:\\eventManagementApp\\concertapp\\backend\\src\\services\\authServices.js:117:25)\n    at async verifyOTPCtrl (D:\\eventManagementApp\\concertapp\\backend\\src\\controllers\\authController.js:21:24)","timestamp":"2026-02-07T16:22:44.070Z"}
{"body":{"email":"eijazkhan9099@gmail.com","otp":"598027"},"level":"error","message":"OTP verify Up Error secretOrPrivateKey must have a value","stack":"Error: secretOrPrivateKey must have a value\n    at module.exports [as sign] (D:\\eventManagementApp\\concertapp\\backend\\node_modules\\jsonwebtoken\\sign.js:111:20)\n    at generateAccessToken (D:\\eventManagementApp\\concertapp\\backend\\src\\utils\\jwt.js:4:16)\n    at verifyOTP (D:\\eventManagementApp\\concertapp\\backend\\src\\services\\authServices.js:117:25)\n    at async verifyOTPCtrl (D:\\eventManagementApp\\concertapp\\backend\\src\\controllers\\authController.js:21:24)","timestamp":"2026-02-07T16:22:45.246Z"}
{"body":{"email":"eijazkhan9099@gmail.com","otp":"598027"},"level":"error","message":"OTP verify Up Error secretOrPrivateKey must have a value","stack":"Error: secretOrPrivateKey must have a value\n    at module.exports [as sign] (D:\\eventManagementApp\\concertapp\\backend\\node_modules\\jsonwebtoken\\sign.js:111:20)\n    at generateAccessToken (D:\\eventManagementApp\\concertapp\\backend\\src\\utils\\jwt.js:4:16)\n    at verifyOTP (D:\\eventManagementApp\\concertapp\\backend\\src\\services\\authServices.js:117:25)\n    at async verifyOTPCtrl (D:\\eventManagementApp\\concertapp\\backend\\src\\controllers\\authController.js:21:24)","timestamp":"2026-02-07T16:22:45.778Z"}
{"body":{"email":"eijazkhan9099@gmail.com","otp":"598027"},"level":"error","message":"OTP verify Up Error secretOrPrivateKey must have a value","stack":"Error: secretOrPrivateKey must have a value\n    at module.exports [as sign] (D:\\eventManagementApp\\concertapp\\backend\\node_modules\\jsonwebtoken\\sign.js:111:20)\n    at generateAccessToken (D:\\eventManagementApp\\concertapp\\backend\\src\\utils\\jwt.js:4:16)\n    at verifyOTP (D:\\eventManagementApp\\concertapp\\backend\\src\\services\\authServices.js:117:25)\n    at async verifyOTPCtrl (D:\\eventManagementApp\\concertapp\\backend\\src\\controllers\\authController.js:21:24)","timestamp":"2026-02-07T16:22:47.180Z"}
{"body":{"email":"eijazkhan9099@gmail.com","otp":"598027"},"level":"error","message":"OTP verify Up Error secretOrPrivateKey must have a value","stack":"Error: secretOrPrivateKey must have a value\n    at module.exports [as sign] (D:\\eventManagementApp\\concertapp\\backend\\node_modules\\jsonwebtoken\\sign.js:111:20)\n    at generateAccessToken (D:\\eventManagementApp\\concertapp\\backend\\src\\utils\\jwt.js:4:16)\n    at verifyOTP (D:\\eventManagementApp\\concertapp\\backend\\src\\services\\authServices.js:117:25)\n    at async verifyOTPCtrl (D:\\eventManagementApp\\concertapp\\backend\\src\\controllers\\authController.js:21:24)","timestamp":"2026-02-07T16:24:00.775Z"}
{"body":{"email":"eijazkhan9099@gmail.com","otp":"598027"},"level":"error","message":"OTP verify Up Error secretOrPrivateKey must have a value","stack":"Error: secretOrPrivateKey must have a value\n    at module.exports [as sign] (D:\\eventManagementApp\\concertapp\\backend\\node_modules\\jsonwebtoken\\sign.js:111:20)\n    at generateAccessToken (D:\\eventManagementApp\\concertapp\\backend\\src\\utils\\jwt.js:4:16)\n    at verifyOTP (D:\\eventManagementApp\\concertapp\\backend\\src\\services\\authServices.js:117:25)\n    at async verifyOTPCtrl (D:\\eventManagementApp\\concertapp\\backend\\src\\controllers\\authController.js:21:24)","timestamp":"2026-02-07T16:24:01.255Z"}
{"body":{"email":"eijazkhan9099@gmail.com","otp":"598027"},"level":"error","message":"OTP verify Up Error secretOrPrivateKey must have a value","stack":"Error: secretOrPrivateKey must have a value\n    at module.exports [as sign] (D:\\eventManagementApp\\concertapp\\backend\\node_modules\\jsonwebtoken\\sign.js:111:20)\n    at generateAccessToken (D:\\eventManagementApp\\concertapp\\backend\\src\\utils\\jwt.js:4:16)\n    at verifyOTP (D:\\eventManagementApp\\concertapp\\backend\\src\\services\\authServices.js:117:25)\n    at async verifyOTPCtrl (D:\\eventManagementApp\\concertapp\\backend\\src\\controllers\\authController.js:21:24)","timestamp":"2026-02-07T16:24:01.542Z"}
{"level":"info","message":"Server running on port 3000","timestamp":"2026-02-07T16:26:29.630Z"}
{"level":"info","message":"Server running on port 3000","timestamp":"2026-02-07T16:26:29.726Z"}
{"level":"info","message":"email sent","subject":"OTP Verification","timestamp":"2026-02-07T16:27:43.690Z","to":"eijazkhan9099@gmail.com"}
{"email":"eijazkhan9099@gmail.com","level":"info","message":"SignUp success","timestamp":"2026-02-07T16:27:43.691Z"}
{"body":{"email":"eijazkhan9099@gmail.com","otp":"682406"},"level":"error","message":"OTP verify Up Error Invalid OTP","stack":"Error: Invalid OTP\n    at verifyOTP (D:\\eventManagementApp\\concertapp\\backend\\src\\services\\authServices.js:112:34)\n    at verifyOTPCtrl (D:\\eventManagementApp\\concertapp\\backend\\src\\controllers\\authController.js:21:30)\n    at Layer.handleRequest (D:\\eventManagementApp\\concertapp\\backend\\node_modules\\router\\lib\\layer.js:152:17)\n    at next (D:\\eventManagementApp\\concertapp\\backend\\node_modules\\router\\lib\\route.js:157:13)\n    at D:\\eventManagementApp\\concertapp\\backend\\src\\middlewares\\validation.js:6:5\n    at Layer.handleRequest (D:\\eventManagementApp\\concertapp\\backend\\node_modules\\router\\lib\\layer.js:152:17)\n    at next (D:\\eventManagementApp\\concertapp\\backend\\node_modules\\router\\lib\\route.js:157:13)\n    at D:\\eventManagementApp\\concertapp\\backend\\node_modules\\express-rate-limit\\dist\\index.cjs:942:7\n    at process.processTicksAndRejections (node:internal/process/task_queues:105:5)\n    at async D:\\eventManagementApp\\concertapp\\backend\\node_modules\\express-rate-limit\\dist\\index.cjs:825:5","timestamp":"2026-02-07T16:28:00.060Z"}
{"level":"info","message":"email sent","subject":"Welcome","timestamp":"2026-02-07T16:28:00.506Z","to":"eijazkhan9099@gmail.com"}
{"level":"info","message":"Server running on port 3000","timestamp":"2026-02-07T16:38:39.238Z"}
{"level":"info","message":"Server running on port 3000","timestamp":"2026-02-07T16:38:39.228Z"}
{"level":"info","message":"Server running on port 3000","timestamp":"2026-02-07T17:35:10.526Z"}
{"level":"info","message":"Server running on port 3000","timestamp":"2026-02-07T17:44:35.642Z"}
{"level":"info","message":"Server running on port 3000","timestamp":"2026-02-07T17:44:35.942Z"}
{"level":"info","message":"Server running on port 3000","timestamp":"2026-02-07T17:44:40.130Z"}
{"level":"info","message":"Server running on port 3000","timestamp":"2026-02-07T17:44:40.357Z"}
{"level":"info","message":"Server running on port 3000","timestamp":"2026-02-07T17:44:47.020Z"}
{"level":"info","message":"email sent","subject":"OTP Verification","timestamp":"2026-02-07T17:57:07.967Z","to":"eijazkhan9099@gmail.com"}
{"email":"eijazkhan9099@gmail.com","level":"info","message":"SignUp success","timestamp":"2026-02-07T17:57:07.969Z"}
{"level":"info","message":"email sent","subject":"Welcome","timestamp":"2026-02-07T17:57:29.401Z","to":"eijazkhan9099@gmail.com"}
{"level":"info","message":"Server running on port 3000","timestamp":"2026-02-07T18:29:45.065Z"}
{"level":"info","message":"Server running on port 3000","timestamp":"2026-02-07T18:29:45.113Z"}
